Player,Age,Team,Position,Games,Games Started,Minutes Played,Field Goals,Field Goals Attempts,FG%,3-Point FG,3-Point FG Attempts,3P%,2-Point FG,2-Point FG Attempts,2P%,Effective FG%,Free Throws,Free Throws Attempts,Free Throw%,Offensive Rebounds,Defensive Rebounds,TRB,Assists,Steals,Blocks,Turnovers,Personal Fouls,Points
Giannis Antetokounmpo,30.0,MIL,PF,23.0,23.0,35.2,12.8,20.8,0.614,0.1,0.7,0.176,12.7,20.1,0.63,0.617,7.0,11.4,0.615,2.0,9.5,11.5,6.1,0.6,1.6,3.3,2.3,32.7
Nikola Jokić,29.0,DEN,C,22.0,22.0,37.2,11.8,21.0,0.564,2.2,4.5,0.5,9.6,16.5,0.581,0.617,5.2,6.5,0.803,3.6,9.4,13.0,9.8,1.8,0.7,3.8,2.0,31.0
Shai Gilgeous-Alexander,26.0,OKC,PG,26.0,26.0,34.5,10.7,20.8,0.513,2.1,6.2,0.335,8.6,14.7,0.588,0.563,7.0,8.1,0.867,0.8,4.7,5.4,6.3,2.0,1.0,2.7,2.2,30.5
LaMelo Ball,23.0,CHO,PG,20.0,20.0,33.7,10.5,24.8,0.421,4.5,13.1,0.344,6.0,11.7,0.509,0.512,5.0,6.0,0.84,0.9,4.4,5.3,7.5,1.4,0.2,4.3,4.0,30.4
Paolo Banchero,22.0,ORL,PF,5.0,5.0,36.4,9.6,19.4,0.495,2.2,6.4,0.344,7.4,13.0,0.569,0.552,7.6,11.8,0.644,2.4,6.4,8.8,5.6,0.6,0.8,2.2,2.6,29.0
Luka Dončić,25.0,DAL,PG,20.0,20.0,37.0,10.1,21.9,0.459,3.6,10.0,0.355,6.5,11.9,0.546,0.54,5.3,6.9,0.766,0.7,7.9,8.6,8.2,2.1,0.5,3.5,2.8,28.9
Jayson Tatum,26.0,BOS,PF,25.0,25.0,36.4,9.3,20.5,0.453,3.8,10.5,0.359,5.5,10.0,0.552,0.545,6.0,7.4,0.801,0.5,8.5,9.0,5.5,1.2,0.5,2.8,2.6,28.3
Anthony Davis,31.0,LAL,C,26.0,26.0,35.3,10.0,18.9,0.527,0.7,2.3,0.3,9.3,16.6,0.559,0.546,6.9,8.8,0.786,2.7,9.0,11.7,3.3,1.3,2.2,2.2,2.0,27.5
Kevin Durant,36.0,PHO,PF,16.0,16.0,35.8,9.5,18.2,0.522,2.6,6.1,0.418,6.9,12.1,0.575,0.593,4.8,5.9,0.811,0.2,6.5,6.7,3.8,0.6,1.3,3.1,1.6,26.4
De'Aaron Fox,27.0,SAC,PG,28.0,28.0,37.2,9.6,20.1,0.48,2.0,6.3,0.326,7.6,13.8,0.55,0.531,4.9,6.0,0.805,1.1,3.9,5.0,6.1,1.7,0.3,3.5,2.7,26.2
Anthony Edwards,23.0,MIN,SG,26.0,26.0,35.8,9.1,20.1,0.453,4.3,10.1,0.424,4.8,10.0,0.483,0.559,3.4,4.2,0.807,0.6,4.8,5.4,4.0,1.4,0.6,3.1,1.9,25.9
Damian Lillard,34.0,MIL,PG,22.0,22.0,36.4,7.9,17.6,0.45,3.5,9.3,0.371,4.5,8.3,0.538,0.548,6.5,7.0,0.916,0.5,4.0,4.5,7.5,1.0,0.2,3.0,1.9,25.7
Devin Booker,28.0,PHO,SG,26.0,26.0,36.6,8.0,18.2,0.439,2.7,7.7,0.345,5.3,10.5,0.507,0.512,6.5,7.2,0.899,1.2,2.5,3.7,6.4,1.1,0.3,2.3,2.2,25.1
Tyrese Maxey,24.0,PHI,PG,18.0,18.0,36.9,8.7,21.3,0.41,2.9,9.3,0.317,5.8,12.0,0.481,0.479,4.7,5.6,0.832,0.2,3.4,3.7,5.0,2.1,0.3,2.3,2.6,25.1
Karl-Anthony Towns,29.0,NYK,C,25.0,25.0,34.5,8.8,16.4,0.535,2.4,5.1,0.461,6.4,11.3,0.569,0.607,5.1,6.0,0.841,3.0,11.2,14.2,3.4,0.9,1.0,2.6,3.4,25.0
Cam Thomas,23.0,BRK,SG,17.0,17.0,33.4,8.1,17.5,0.461,2.9,7.4,0.389,5.2,10.1,0.515,0.544,5.7,6.6,0.866,0.4,2.9,3.2,3.4,0.7,0.1,2.8,2.0,24.7
Jalen Brunson,28.0,NYK,PG,27.0,27.0,34.3,8.3,17.1,0.485,2.7,6.2,0.431,5.6,10.9,0.515,0.563,5.3,6.4,0.822,0.4,2.5,3.0,7.7,0.7,0.1,2.4,2.2,24.6
Victor Wembanyama,21.0,SAS,C,22.0,22.0,32.5,8.8,18.5,0.477,3.1,9.1,0.343,5.7,9.4,0.607,0.561,3.7,4.2,0.871,1.9,8.2,10.1,3.9,1.2,3.5,3.6,2.1,24.5
Franz Wagner,23.0,ORL,SF,25.0,25.0,33.2,8.8,18.9,0.465,2.0,6.4,0.321,6.8,12.6,0.538,0.519,4.8,5.4,0.881,0.9,4.7,5.6,5.7,1.7,0.5,2.4,2.3,24.4
Tyler Herro,25.0,MIA,SG,24.0,24.0,34.9,8.4,17.6,0.476,4.2,10.1,0.413,4.2,7.5,0.561,0.595,3.2,3.7,0.875,0.3,5.0,5.3,4.8,0.8,0.1,2.5,1.6,24.1
Cade Cunningham,23.0,DET,PG,24.0,24.0,36.3,9.0,19.8,0.457,2.5,6.4,0.386,6.6,13.4,0.491,0.519,3.3,4.3,0.784,1.1,6.3,7.3,9.6,0.8,0.9,4.5,2.8,23.9
Kyrie Irving,32.0,DAL,SG,24.0,24.0,35.3,8.9,17.6,0.504,3.1,6.6,0.468,5.8,11.0,0.525,0.591,3.0,3.5,0.88,1.1,3.6,4.7,5.3,1.2,0.3,2.2,2.3,23.9
Norman Powell,31.0,LAC,SG,21.0,21.0,32.5,8.3,16.5,0.503,3.9,8.0,0.485,4.4,8.5,0.52,0.62,3.3,3.9,0.841,0.3,3.0,3.2,2.6,1.1,0.1,2.0,2.0,23.7
Jaylen Brown,28.0,BOS,SF,22.0,22.0,35.4,8.3,18.8,0.44,2.4,7.2,0.333,5.9,11.6,0.506,0.504,4.6,6.2,0.75,1.4,4.5,5.9,4.6,1.2,0.4,2.7,2.5,23.6
RJ Barrett,24.0,TOR,SG,24.0,24.0,34.3,8.6,19.0,0.455,2.0,5.7,0.35,6.6,13.3,0.5,0.508,4.3,5.9,0.725,0.9,5.8,6.8,6.1,0.8,0.5,3.5,2.6,23.5
Donovan Mitchell,28.0,CLE,SG,26.0,26.0,31.9,8.3,18.6,0.448,3.7,9.2,0.404,4.6,9.4,0.492,0.549,2.9,3.7,0.8,0.5,4.2,4.7,4.5,1.6,0.3,2.1,2.2,23.3
Zion Williamson,24.0,NOP,PF,6.0,6.0,31.0,7.8,17.3,0.452,0.3,1.0,0.333,7.5,16.3,0.459,0.462,6.7,10.0,0.667,2.7,5.3,8.0,5.3,0.7,1.2,3.7,3.0,22.7
LeBron James,40.0,LAL,SF,25.0,25.0,35.0,8.6,17.8,0.486,2.0,5.6,0.362,6.6,12.1,0.545,0.544,3.3,4.4,0.748,1.0,6.9,7.9,9.0,0.7,0.6,4.0,1.2,22.6
Zach LaVine,29.0,CHI,SF,24.0,24.0,33.3,8.0,15.8,0.505,3.3,7.7,0.435,4.7,8.2,0.571,0.611,3.0,3.7,0.809,0.2,4.3,4.5,4.2,0.8,0.3,2.8,1.8,22.3
James Harden,35.0,LAC,PG,27.0,27.0,33.8,6.3,16.1,0.392,2.9,8.3,0.354,3.4,7.9,0.432,0.483,6.6,7.4,0.894,0.6,5.8,6.4,8.3,1.6,0.6,4.6,1.9,22.2
Brandon Ingram,27.0,NOP,SF,18.0,18.0,33.1,8.6,18.5,0.465,2.4,6.4,0.374,6.2,12.1,0.514,0.53,2.6,3.1,0.855,0.9,4.6,5.6,5.2,0.9,0.6,3.8,2.5,22.2
Stephen Curry,36.0,GSW,PG,21.0,21.0,30.6,7.2,16.2,0.443,4.0,9.9,0.409,3.1,6.3,0.496,0.567,3.5,3.8,0.925,0.5,4.6,5.0,6.4,1.3,0.5,3.1,1.0,22.0
DeMar DeRozan,35.0,SAC,SF,23.0,23.0,35.5,8.0,16.5,0.487,0.7,2.1,0.306,7.4,14.4,0.514,0.507,5.3,6.1,0.858,0.5,3.4,3.9,4.0,1.6,0.5,1.7,2.0,22.0
Jaren Jackson Jr.,25.0,MEM,C,26.0,26.0,27.9,7.8,15.0,0.518,1.8,5.0,0.366,5.9,10.0,0.595,0.579,4.4,5.3,0.82,1.3,4.5,5.8,1.5,1.5,1.7,2.0,3.2,21.8
Trae Young,26.0,ATL,PG,27.0,27.0,36.1,6.6,16.9,0.39,2.6,8.2,0.32,4.0,8.7,0.457,0.468,5.7,6.5,0.881,0.6,3.3,3.9,12.2,1.3,0.1,4.6,2.1,21.6
Brandon Miller,22.0,CHO,SF,22.0,22.0,34.4,7.5,18.5,0.406,3.9,11.0,0.353,3.6,7.5,0.485,0.511,2.7,3.0,0.894,1.0,4.2,5.2,3.5,1.1,0.8,2.9,2.7,21.5
Domantas Sabonis,28.0,SAC,C,26.0,26.0,36.1,8.2,13.2,0.626,1.0,2.3,0.443,7.2,10.8,0.665,0.665,3.9,4.8,0.815,3.3,9.7,13.0,6.2,0.8,0.5,3.0,3.5,21.4
Jalen Williams,23.0,OKC,SG,26.0,26.0,32.2,8.3,16.9,0.494,2.0,5.2,0.378,6.4,11.7,0.546,0.552,2.7,3.3,0.812,0.9,5.0,5.9,5.1,1.9,0.8,2.3,2.7,21.3
Ja Morant,25.0,MEM,PG,17.0,17.0,27.9,7.2,16.0,0.449,1.5,4.8,0.309,5.7,11.2,0.508,0.494,5.4,6.5,0.829,0.8,3.8,4.6,8.1,1.2,0.4,3.7,1.8,21.2
CJ McCollum,33.0,NOP,PG,15.0,15.0,33.6,8.1,18.7,0.436,2.7,8.2,0.325,5.5,10.5,0.522,0.507,1.9,2.8,0.69,0.7,3.1,3.8,3.9,1.2,0.4,1.7,2.5,20.9
Nikola Vučević,34.0,CHI,C,27.0,27.0,31.8,8.4,14.1,0.592,2.2,4.6,0.48,6.2,9.6,0.645,0.669,2.0,2.3,0.857,1.9,7.8,9.7,3.3,0.7,0.8,1.8,2.4,20.9
Jordan Poole,25.0,WAS,SG,23.0,23.0,31.0,6.7,15.5,0.435,3.2,8.1,0.398,3.5,7.4,0.476,0.539,3.9,4.5,0.856,0.3,2.1,2.4,5.1,1.7,0.5,3.5,3.5,20.6
Scottie Barnes,23.0,TOR,PF,15.0,15.0,33.4,7.4,16.1,0.461,1.9,6.0,0.311,5.5,10.1,0.55,0.519,3.6,4.9,0.73,1.9,6.1,8.1,7.3,1.2,0.8,3.5,2.1,20.3
Joel Embiid,30.0,PHI,C,6.0,6.0,29.3,6.5,15.8,0.411,0.7,4.2,0.16,5.8,11.7,0.5,0.432,6.7,7.0,0.952,1.5,6.2,7.7,3.8,0.3,1.0,3.3,2.5,20.3
Darius Garland,25.0,CLE,PG,26.0,26.0,30.2,7.2,14.9,0.485,2.8,6.8,0.418,4.4,8.1,0.54,0.58,3.0,3.2,0.939,0.5,2.0,2.4,6.5,1.0,0.3,2.5,2.4,20.3
Julius Randle,30.0,MIN,PF,26.0,26.0,32.9,6.9,14.3,0.483,1.7,4.7,0.358,5.2,9.6,0.544,0.542,4.7,5.7,0.819,1.8,4.9,6.7,3.9,0.8,0.2,2.7,2.6,20.2
Pascal Siakam,30.0,IND,PF,28.0,28.0,34.5,7.7,14.6,0.526,1.9,4.4,0.426,5.8,10.3,0.568,0.589,2.9,3.7,0.786,1.8,5.2,7.0,3.5,0.9,0.3,1.5,2.9,20.1
De'Andre Hunter,27.0,ATL,SF,17.0,2.0,28.4,6.5,13.6,0.478,2.8,6.2,0.453,3.7,7.4,0.5,0.582,3.9,4.5,0.868,0.6,3.5,4.1,1.3,0.8,0.1,1.3,2.5,19.8
Jalen Johnson,23.0,ATL,SF,26.0,26.0,36.7,7.8,15.6,0.501,1.5,4.4,0.342,6.3,11.2,0.564,0.549,2.6,3.5,0.747,1.7,8.4,10.1,5.4,1.4,1.2,3.3,2.0,19.7
Jalen Green,22.0,HOU,SG,27.0,27.0,32.6,6.6,16.4,0.405,2.5,7.8,0.318,4.1,8.6,0.485,0.481,3.8,4.3,0.872,0.5,4.1,4.7,2.6,1.1,0.3,2.7,1.8,19.5
Jimmy Butler,35.0,MIA,PF,19.0,19.0,32.6,6.4,11.6,0.552,0.5,1.5,0.357,5.9,10.2,0.58,0.575,6.1,7.7,0.782,2.7,3.4,6.1,5.0,1.3,0.4,1.4,1.1,19.4
Cameron Johnson,28.0,BRK,PF,26.0,26.0,32.6,6.2,12.7,0.489,3.3,7.6,0.431,3.0,5.2,0.575,0.618,3.5,4.0,0.874,0.7,3.7,4.5,3.1,0.8,0.5,1.1,1.9,19.2
Kristaps Porziņģis,29.0,BOS,C,8.0,8.0,27.5,6.8,14.4,0.47,2.1,6.4,0.333,4.6,8.0,0.578,0.543,3.5,4.4,0.8,1.6,5.5,7.1,1.6,0.8,1.5,0.8,2.0,19.1
Lauri Markkanen,27.0,UTA,PF,21.0,21.0,31.8,5.8,12.9,0.452,2.6,6.8,0.385,3.2,6.0,0.528,0.554,4.7,5.3,0.884,1.7,4.9,6.6,2.2,0.7,0.1,1.5,1.7,19.0
Alperen Sengun,22.0,HOU,C,27.0,27.0,31.2,7.3,15.3,0.481,0.4,1.5,0.25,7.0,13.8,0.505,0.493,3.7,4.9,0.765,3.3,7.2,10.6,5.3,1.2,1.0,2.2,2.7,18.8
Trey Murphy III,24.0,NOP,SF,15.0,13.0,34.1,6.3,14.7,0.43,2.8,8.1,0.344,3.5,6.6,0.535,0.525,3.3,3.7,0.875,0.8,3.6,4.4,2.3,1.1,0.7,1.7,2.3,18.7
Jamal Murray,27.0,DEN,PG,20.0,20.0,36.1,6.8,15.9,0.428,2.1,5.9,0.356,4.7,10.0,0.47,0.494,3.0,3.7,0.811,0.5,3.5,3.9,6.3,1.5,0.6,2.0,1.8,18.7
Gradey Dick,21.0,TOR,SG,23.0,23.0,32.4,6.2,14.8,0.416,2.6,7.5,0.349,3.6,7.3,0.485,0.504,3.5,4.0,0.89,0.7,2.7,3.4,2.0,0.8,0.3,1.7,2.3,18.5
Evan Mobley,23.0,CLE,PF,25.0,25.0,30.4,7.0,12.5,0.564,0.9,2.2,0.411,6.1,10.2,0.598,0.601,3.4,4.2,0.808,2.2,6.7,8.9,2.6,1.1,1.5,2.2,2.1,18.4
Michael Porter Jr.,26.0,DEN,SF,25.0,25.0,35.1,7.2,14.0,0.513,2.3,6.0,0.387,4.9,8.0,0.607,0.595,1.7,2.5,0.683,1.6,5.5,7.1,2.8,0.9,0.4,1.3,2.2,18.4
Tyrese Haliburton,24.0,IND,PG,28.0,28.0,35.4,6.1,14.4,0.427,3.1,8.7,0.354,3.1,5.7,0.538,0.533,2.6,3.1,0.839,0.7,2.7,3.4,8.7,1.3,0.6,2.0,1.6,18.0
Dennis Schröder,31.0,2TM,PG,24.0,24.0,33.1,6.2,14.0,0.442,2.4,6.4,0.377,3.8,7.6,0.497,0.528,3.0,3.5,0.88,0.2,2.8,2.9,6.5,1.1,0.2,2.6,2.4,17.9
Dennis Schröder,31.0,BRK,PG,23.0,23.0,33.6,6.4,14.1,0.452,2.5,6.5,0.387,3.9,7.6,0.509,0.542,3.1,3.5,0.889,0.2,2.8,3.0,6.6,1.1,0.2,2.6,2.4,18.4
Dennis Schröder,31.0,GSW,PG,1.0,1.0,22.0,2.0,12.0,0.167,0.0,4.0,0.0,2.0,8.0,0.25,0.167,1.0,2.0,0.5,0.0,2.0,2.0,5.0,0.0,0.0,4.0,2.0,5.0
John Collins,27.0,UTA,PF,25.0,16.0,29.8,6.5,12.3,0.529,1.4,3.3,0.439,5.1,9.0,0.562,0.588,3.4,3.8,0.895,2.2,5.9,8.1,2.5,1.1,0.9,2.5,2.9,17.9
Coby White,24.0,CHI,SG,26.0,26.0,32.7,5.9,14.2,0.417,3.2,8.7,0.363,2.8,5.5,0.503,0.528,2.9,3.3,0.872,0.4,3.2,3.6,4.5,1.2,0.2,2.3,2.5,17.9
Andrew Wiggins,29.0,GSW,SF,22.0,22.0,28.5,6.0,12.9,0.47,2.4,5.3,0.453,3.6,7.5,0.482,0.564,3.3,4.2,0.774,1.5,2.7,4.2,2.3,0.9,0.7,1.1,1.7,17.8
Bradley Beal,31.0,PHO,SG,16.0,16.0,33.3,6.8,13.5,0.5,2.1,5.6,0.367,4.7,7.9,0.595,0.576,2.1,2.6,0.81,0.7,3.4,4.1,3.1,1.1,0.8,2.3,2.9,17.7
Anfernee Simons,25.0,POR,SG,24.0,24.0,31.0,6.2,14.8,0.418,2.5,7.7,0.332,3.6,7.1,0.512,0.504,2.8,3.1,0.905,0.3,2.3,2.6,4.8,0.9,0.1,2.3,1.9,17.7
Mikal Bridges,28.0,NYK,SF,27.0,27.0,38.3,7.3,14.7,0.494,2.3,6.7,0.346,4.9,8.0,0.619,0.573,0.6,0.9,0.667,1.0,2.6,3.6,3.3,1.0,0.5,1.6,1.4,17.4
Jaden Ivey,22.0,DET,SG,25.0,25.0,30.4,6.1,14.0,0.436,1.9,5.1,0.367,4.2,8.9,0.475,0.503,3.2,4.3,0.731,1.3,2.8,4.1,4.2,1.0,0.4,3.0,2.4,17.3
Austin Reaves,26.0,LAL,SG,22.0,22.0,33.7,5.9,13.4,0.437,2.7,7.5,0.36,3.2,6.0,0.534,0.537,2.9,3.5,0.808,0.8,2.9,3.7,5.0,1.1,0.2,2.1,2.3,17.3
Shaedon Sharpe,21.0,POR,SG,19.0,17.0,30.6,6.2,14.3,0.434,1.7,6.3,0.269,4.5,8.1,0.562,0.493,3.2,3.9,0.811,0.8,2.8,3.6,2.6,0.7,0.2,1.8,1.7,17.3
Derrick White,30.0,BOS,SG,26.0,26.0,34.5,5.9,13.0,0.451,3.7,9.3,0.394,2.2,3.8,0.592,0.591,1.9,2.3,0.847,1.2,3.7,4.9,4.8,1.1,1.1,1.4,2.2,17.3
Bennedict Mathurin,22.0,IND,SG,28.0,23.0,32.9,5.8,12.4,0.465,1.5,4.0,0.372,4.3,8.3,0.511,0.526,4.2,4.9,0.854,1.2,5.0,6.2,1.8,0.8,0.4,2.1,2.5,17.2
Paul George,34.0,PHI,PF,14.0,14.0,31.6,6.2,14.2,0.437,2.3,6.5,0.352,3.9,7.7,0.509,0.518,2.4,3.1,0.791,0.6,4.6,5.3,5.1,1.9,0.5,2.8,2.3,17.1
Collin Sexton,26.0,UTA,SG,26.0,24.0,27.8,5.8,12.0,0.486,1.8,4.1,0.439,4.0,7.8,0.51,0.561,3.4,3.8,0.889,0.8,1.8,2.6,3.3,0.7,0.1,2.6,2.3,16.8
OG Anunoby,27.0,NYK,PF,27.0,27.0,36.6,6.3,13.2,0.473,2.1,6.0,0.352,4.1,7.2,0.574,0.553,2.0,2.5,0.809,1.1,3.9,5.0,2.0,1.6,1.1,1.3,2.5,16.7
Devin Vassell,24.0,SAS,SG,12.0,1.0,25.8,6.2,12.8,0.481,2.6,6.0,0.431,3.6,6.8,0.524,0.581,1.7,2.1,0.8,0.5,1.8,2.3,2.7,1.0,0.3,1.7,2.0,16.6
Malik Beasley,28.0,DET,SG,28.0,8.0,28.7,5.8,13.4,0.43,3.8,9.2,0.411,2.0,4.1,0.474,0.572,1.1,1.5,0.714,0.6,2.5,3.1,2.0,0.7,0.1,1.1,1.3,16.4
Miles Bridges,26.0,CHO,PF,14.0,14.0,29.7,6.0,14.1,0.426,1.9,6.2,0.299,4.1,7.9,0.527,0.492,2.6,3.1,0.837,0.9,5.9,6.8,3.1,0.5,0.4,1.4,1.4,16.4
Chet Holmgren,22.0,OKC,C,10.0,10.0,26.5,5.6,11.1,0.505,1.4,3.7,0.378,4.2,7.4,0.568,0.568,3.8,4.9,0.776,1.6,7.1,8.7,2.0,0.8,2.6,2.3,1.8,16.4
Dejounte Murray,28.0,NOP,PG,11.0,11.0,32.8,5.8,15.8,0.368,1.5,5.4,0.288,4.3,10.5,0.409,0.417,3.2,3.7,0.854,0.4,6.0,6.4,6.9,2.0,0.5,4.2,2.5,16.4
Payton Pritchard,27.0,BOS,PG,27.0,0.0,28.7,5.6,11.5,0.482,3.9,9.0,0.434,1.7,2.6,0.652,0.651,1.4,1.6,0.841,1.3,2.4,3.7,3.3,1.0,0.1,1.1,1.7,16.4
Bam Adebayo,27.0,MIA,C,24.0,24.0,35.0,6.2,13.9,0.443,1.0,2.9,0.333,5.2,11.0,0.472,0.478,2.9,4.0,0.726,2.5,7.7,10.3,5.1,1.5,0.8,1.8,2.0,16.2
Keyonte George,21.0,UTA,PG,25.0,25.0,31.6,5.4,13.7,0.394,2.7,7.8,0.349,2.7,5.9,0.453,0.493,2.7,3.3,0.807,0.5,2.9,3.4,5.7,0.7,0.2,3.3,1.8,16.2
Malik Monk,26.0,SAC,SG,21.0,8.0,29.3,5.8,12.8,0.455,2.4,6.5,0.372,3.4,6.2,0.542,0.55,2.1,2.5,0.849,0.2,3.4,3.6,5.0,0.8,0.6,1.5,2.3,16.2
Jerami Grant,30.0,POR,PF,25.0,25.0,33.0,5.2,13.4,0.39,2.6,6.8,0.379,2.7,6.7,0.401,0.485,2.9,3.6,0.82,0.5,3.2,3.7,2.4,1.0,1.0,1.4,2.4,16.0
Jalen Suggs,23.0,ORL,PG,28.0,28.0,30.0,5.6,13.8,0.405,2.2,7.1,0.31,3.4,6.6,0.508,0.486,2.7,2.9,0.915,0.7,3.5,4.2,3.9,1.5,1.0,2.9,2.8,16.0
Kyle Kuzma,29.0,WAS,PF,12.0,12.0,27.5,6.3,15.1,0.42,1.3,4.8,0.276,5.0,10.3,0.488,0.464,1.8,2.7,0.688,0.7,4.9,5.6,1.9,0.4,0.3,2.4,1.9,15.8
Jakob Poeltl,29.0,TOR,C,26.0,25.0,32.1,6.6,11.2,0.589,0.0,0.1,0.0,6.6,11.2,0.593,0.589,2.3,3.4,0.682,3.9,7.1,11.0,2.7,1.1,1.2,2.2,3.5,15.5
Jonathan Kuminga,22.0,GSW,PF,24.0,10.0,25.3,5.8,13.1,0.441,1.2,3.7,0.315,4.6,9.4,0.491,0.486,2.5,4.2,0.594,1.2,3.2,4.4,2.0,1.0,0.6,1.6,2.1,15.3
Jared McCain,20.0,PHI,SG,23.0,8.0,25.7,5.5,11.9,0.46,2.2,5.8,0.383,3.3,6.1,0.532,0.553,2.1,2.4,0.875,0.6,1.9,2.4,2.6,0.7,0.0,1.6,1.6,15.3
Immanuel Quickley,25.0,TOR,PG,3.0,3.0,22.7,5.3,14.0,0.381,2.0,5.3,0.375,3.3,8.7,0.385,0.452,2.7,3.0,0.889,0.3,1.7,2.0,4.0,0.7,0.0,1.3,2.3,15.3
Fred VanVleet,30.0,HOU,PG,25.0,25.0,35.4,5.3,14.1,0.377,2.4,7.8,0.303,3.0,6.3,0.468,0.46,2.2,2.7,0.809,0.6,3.6,4.2,6.1,1.5,0.5,1.4,2.4,15.2
Jordan Clarkson,32.0,UTA,SG,16.0,2.0,25.3,5.2,12.9,0.403,1.9,5.9,0.316,3.3,6.9,0.477,0.476,2.8,3.5,0.804,0.6,2.7,3.3,3.8,0.9,0.2,2.4,1.5,15.1
Jeremy Sochan,21.0,SAS,PF,14.0,11.0,29.2,6.0,11.4,0.528,0.4,1.6,0.217,5.6,9.7,0.581,0.544,2.7,3.9,0.691,3.0,5.4,8.4,2.8,1.1,0.7,1.9,2.6,15.1
Ivica Zubac,27.0,LAC,C,28.0,28.0,32.2,6.8,11.1,0.61,0.0,0.0,0.333,6.8,11.1,0.61,0.61,1.6,2.9,0.537,3.9,8.4,12.3,2.5,0.6,1.0,1.9,2.0,15.1
Christian Braun,23.0,DEN,SG,24.0,24.0,34.3,5.7,10.0,0.564,1.1,2.7,0.406,4.6,7.4,0.621,0.618,2.5,3.3,0.782,1.1,3.8,4.9,1.8,1.3,0.7,1.3,2.3,15.0
Myles Turner,28.0,IND,C,26.0,26.0,31.6,5.3,11.3,0.473,2.1,5.1,0.409,3.3,6.2,0.525,0.565,2.3,3.1,0.738,1.2,5.8,7.0,1.6,0.8,2.1,2.4,3.2,15.0
Malcolm Brogdon,32.0,WAS,PG,10.0,8.0,24.1,5.3,10.4,0.51,1.0,2.6,0.385,4.3,7.8,0.551,0.558,3.3,3.8,0.868,1.0,3.0,4.0,2.9,0.5,0.3,1.6,2.0,14.9
Desmond Bane,26.0,MEM,SG,20.0,19.0,28.1,5.5,12.2,0.449,1.8,5.5,0.33,3.7,6.7,0.545,0.523,1.8,2.1,0.833,0.9,5.0,5.9,4.6,1.0,0.5,2.2,2.6,14.5
Deandre Ayton,26.0,POR,C,18.0,18.0,30.4,6.6,12.0,0.551,0.3,1.1,0.263,6.3,10.9,0.579,0.563,0.8,1.3,0.609,2.9,7.3,10.2,1.4,0.9,0.9,1.8,2.4,14.3
Klay Thompson,34.0,DAL,SF,23.0,23.0,27.7,5.1,12.3,0.415,3.0,8.0,0.383,2.1,4.4,0.475,0.539,1.0,1.2,0.889,0.7,2.8,3.6,1.9,0.7,0.3,1.2,1.3,14.3
Aaron Gordon,29.0,DEN,PF,14.0,13.0,29.4,4.9,9.2,0.527,1.3,3.0,0.429,3.6,6.2,0.575,0.597,3.1,3.9,0.782,1.9,4.2,6.1,3.3,0.4,0.2,1.5,1.7,14.1
Josh Hart,29.0,NYK,SG,26.0,26.0,36.8,5.5,9.2,0.594,1.4,3.4,0.404,4.1,5.8,0.707,0.669,1.8,2.2,0.821,1.5,6.7,8.2,5.5,1.5,0.3,1.8,2.3,14.1
Buddy Hield,32.0,GSW,SG,26.0,5.0,23.9,5.0,11.0,0.453,3.2,7.5,0.423,1.8,3.6,0.516,0.596,0.9,1.0,0.923,0.6,2.8,3.4,1.3,0.9,0.3,1.3,2.0,14.1
Tre Mann,23.0,CHO,PG,13.0,0.0,24.5,5.4,12.4,0.435,1.8,4.6,0.4,3.5,7.8,0.455,0.509,1.5,1.6,0.905,0.9,2.0,2.9,3.0,0.5,0.3,1.9,1.8,14.1
Tobias Harris,32.0,DET,PF,26.0,26.0,32.2,5.2,11.7,0.439,1.5,4.4,0.333,3.7,7.3,0.503,0.502,1.9,2.2,0.845,1.1,5.8,6.9,2.4,0.8,0.9,1.2,2.0,13.7
Jarrett Allen,26.0,CLE,C,27.0,27.0,29.7,5.5,7.9,0.695,0.0,0.0,0.0,5.5,7.9,0.698,0.695,2.6,3.6,0.732,2.3,8.0,10.3,1.9,1.0,0.9,1.0,1.2,13.6
Santi Aldama,24.0,MEM,PF,28.0,11.0,26.5,5.3,10.4,0.514,1.8,4.5,0.389,3.6,5.9,0.61,0.598,1.1,1.4,0.775,1.6,5.9,7.5,3.0,0.9,0.5,1.3,1.1,13.5
Moritz Wagner,27.0,ORL,C,29.0,1.0,19.4,4.8,8.6,0.562,0.9,2.6,0.36,3.9,6.0,0.649,0.616,2.7,3.8,0.718,1.4,3.7,5.1,1.4,0.8,0.4,1.7,1.9,13.3
Dillon Brooks,29.0,HOU,SF,27.0,27.0,31.4,4.9,11.4,0.427,2.3,5.8,0.389,2.6,5.6,0.467,0.526,1.1,1.3,0.833,1.3,2.6,3.9,1.6,0.6,0.3,1.0,3.4,13.1
Kelly Oubre Jr.,29.0,PHI,SF,24.0,21.0,31.9,5.0,11.1,0.453,1.3,4.3,0.308,3.7,6.8,0.546,0.513,1.7,2.3,0.741,1.7,4.1,5.8,1.5,1.3,0.5,1.4,3.0,13.1
Bobby Portis,29.0,MIL,PF,24.0,1.0,24.1,5.5,11.5,0.478,1.2,3.3,0.367,4.3,8.2,0.523,0.531,0.9,1.2,0.724,1.8,5.9,7.7,1.7,0.5,0.6,1.2,1.5,13.1
Dyson Daniels,21.0,ATL,SG,26.0,26.0,33.7,5.5,12.2,0.447,1.1,3.8,0.296,4.3,8.5,0.514,0.492,1.0,1.6,0.61,1.7,3.4,5.1,3.3,2.9,0.9,1.8,2.8,13.0
Ayo Dosunmu,25.0,CHI,SG,28.0,15.0,30.6,5.1,10.1,0.5,1.4,4.1,0.336,3.7,6.0,0.613,0.569,1.5,1.9,0.808,0.6,3.3,3.9,4.6,0.8,0.5,1.3,2.3,13.0
Bilal Coulibaly,20.0,WAS,SF,24.0,24.0,34.9,4.6,10.6,0.437,1.2,3.8,0.308,3.5,6.8,0.509,0.492,2.4,3.0,0.795,1.5,4.0,5.5,3.4,1.5,0.8,2.1,2.6,12.8
P.J. Washington,26.0,DAL,PF,21.0,20.0,32.8,4.6,10.2,0.451,1.5,4.0,0.386,3.1,6.3,0.492,0.526,2.0,2.7,0.75,1.5,6.6,8.1,2.3,1.3,1.2,1.7,2.0,12.8
Julian Champagnie,23.0,SAS,SF,27.0,26.0,29.5,4.3,10.1,0.427,2.6,7.3,0.355,1.7,2.9,0.61,0.555,1.3,1.5,0.9,0.9,4.3,5.1,1.5,0.9,0.6,1.0,1.6,12.6
Keldon Johnson,25.0,SAS,SF,24.0,0.0,25.5,4.7,10.3,0.452,1.1,3.9,0.29,3.5,6.5,0.548,0.506,2.1,2.8,0.761,1.2,4.2,5.3,1.7,0.8,0.2,0.8,1.7,12.6
Deni Avdija,24.0,POR,SF,27.0,12.0,26.4,4.1,9.3,0.442,1.4,3.9,0.368,2.7,5.4,0.497,0.52,2.9,3.6,0.794,1.2,4.5,5.7,3.0,0.9,0.7,2.0,2.0,12.5
Isaiah Hartenstein,26.0,OKC,C,11.0,10.0,30.4,5.5,9.5,0.577,0.0,0.4,0.0,5.5,9.1,0.6,0.577,1.5,2.5,0.63,3.0,9.3,12.3,4.1,1.0,1.2,2.3,3.2,12.5
Tyus Jones,28.0,PHO,PG,26.0,26.0,32.0,4.8,9.8,0.486,2.3,5.5,0.43,2.4,4.3,0.558,0.606,0.7,0.8,0.85,0.6,2.0,2.6,6.9,1.0,0.1,1.1,1.1,12.5
D'Angelo Russell,28.0,LAL,PG,26.0,10.0,26.5,4.5,10.9,0.413,2.0,5.9,0.333,2.5,5.0,0.508,0.504,1.5,1.8,0.851,0.3,2.5,2.8,4.7,0.9,0.2,1.8,1.9,12.5
Jordan Hawkins,22.0,NOP,SG,12.0,3.0,26.6,4.1,11.1,0.368,1.9,5.8,0.333,2.2,5.3,0.406,0.455,2.3,2.6,0.903,0.4,3.2,3.6,1.2,0.3,0.4,1.2,1.0,12.4
Jrue Holiday,34.0,BOS,PG,24.0,24.0,30.6,4.4,10.1,0.438,1.8,5.5,0.323,2.6,4.5,0.578,0.527,1.7,1.9,0.889,1.1,3.0,4.1,4.0,0.8,0.4,1.4,1.4,12.3
Caris LeVert,30.0,CLE,SF,21.0,0.0,24.4,4.2,8.0,0.53,1.9,3.8,0.488,2.4,4.2,0.568,0.646,2.0,2.9,0.683,0.5,2.4,2.9,4.2,1.0,0.5,1.3,1.3,12.3
Keegan Murray,24.0,SAC,PF,27.0,27.0,36.3,4.8,11.3,0.426,1.7,5.5,0.304,3.1,5.8,0.541,0.5,1.0,1.2,0.844,2.4,5.3,7.7,1.5,0.7,0.9,1.0,3.0,12.3
Brandon Boston Jr.,23.0,NOP,SG,25.0,10.0,27.4,4.5,10.4,0.435,1.4,4.0,0.343,3.2,6.4,0.491,0.5,1.7,2.1,0.827,0.7,2.9,3.6,3.2,1.5,0.2,1.5,1.8,12.1
Rui Hachimura,26.0,LAL,PF,22.0,22.0,33.2,4.5,9.4,0.478,1.5,3.4,0.432,3.0,6.0,0.504,0.556,1.7,2.1,0.804,1.8,3.7,5.5,1.7,1.0,0.6,1.0,2.0,12.1
Herbert Jones,26.0,NOP,SF,10.0,10.0,32.4,4.4,9.7,0.454,1.4,4.4,0.318,3.0,5.3,0.566,0.526,1.9,2.4,0.792,1.1,2.7,3.8,2.3,1.8,0.4,1.8,2.9,12.1
Daniel Gafford,26.0,DAL,C,26.0,12.0,20.4,5.1,7.0,0.721,0.0,0.0,0.333,5.1,7.0,0.721,0.721,1.8,2.8,0.667,2.7,3.7,6.4,1.3,0.5,1.2,1.0,2.5,12.0
Josh Giddey,22.0,CHI,PG,27.0,27.0,27.1,4.5,10.0,0.452,1.2,3.7,0.327,3.3,6.3,0.527,0.513,1.6,2.3,0.71,1.2,5.2,6.4,6.9,1.0,0.4,2.7,1.5,11.9
Jabari Smith Jr.,21.0,HOU,PF,27.0,27.0,30.7,4.1,9.4,0.439,1.8,4.9,0.364,2.4,4.6,0.52,0.533,1.8,2.1,0.857,1.7,4.9,6.6,1.1,0.3,0.9,0.7,2.4,11.9
Ochai Agbaji,24.0,TOR,SG,28.0,26.0,31.0,4.7,8.9,0.528,1.8,4.1,0.447,2.9,4.8,0.597,0.631,0.6,0.9,0.667,0.9,3.2,4.1,1.9,1.0,0.5,0.8,2.4,11.8
Naji Marshall,27.0,DAL,SF,22.0,7.0,24.3,4.7,8.8,0.536,0.8,2.7,0.305,3.9,6.1,0.637,0.582,1.5,1.7,0.868,1.1,2.4,3.5,2.3,1.0,0.1,1.5,1.5,11.8
Naz Reid,25.0,MIN,C,26.0,0.0,24.5,4.3,9.7,0.442,1.7,4.9,0.346,2.6,4.8,0.54,0.53,1.6,1.8,0.875,0.6,4.6,5.2,1.6,0.7,0.8,1.2,2.3,11.8
Amen Thompson,22.0,HOU,SF,27.0,2.0,27.0,4.5,8.1,0.553,0.3,1.1,0.29,4.1,7.0,0.596,0.573,2.5,3.6,0.694,2.2,4.6,6.9,2.1,1.1,1.0,1.8,2.4,11.8
Jonas Valančiūnas,32.0,WAS,C,25.0,6.0,19.6,4.7,8.5,0.557,0.1,0.5,0.154,4.6,8.0,0.583,0.561,2.2,2.4,0.918,2.2,5.4,7.6,2.2,0.3,0.8,1.8,1.6,11.8
Terry Rozier,30.0,MIA,PG,22.0,12.0,28.7,4.1,10.3,0.398,1.9,5.3,0.35,2.2,5.0,0.45,0.489,1.7,1.9,0.902,0.7,3.2,3.9,3.1,0.6,0.4,1.5,1.5,11.7
Bogdan Bogdanović,32.0,ATL,SG,13.0,0.0,25.5,4.0,9.8,0.406,2.2,6.5,0.341,1.8,3.3,0.535,0.52,1.4,1.5,0.947,0.7,2.7,3.4,2.2,0.9,0.3,1.7,2.5,11.6
Russell Westbrook,36.0,DEN,PG,25.0,6.0,25.5,4.1,9.9,0.417,1.2,3.6,0.333,2.9,6.3,0.465,0.478,2.2,3.5,0.625,0.9,3.2,4.1,6.5,1.6,0.6,2.5,2.5,11.6
Stephon Castle,20.0,SAS,PG,26.0,17.0,27.0,4.0,10.7,0.375,1.1,4.2,0.269,2.9,6.5,0.444,0.428,2.4,3.3,0.733,0.7,1.8,2.5,3.8,0.9,0.4,1.9,1.7,11.5
Jaylen Wells,21.0,MEM,SG,28.0,23.0,24.4,4.1,8.9,0.464,1.8,4.5,0.402,2.3,4.4,0.528,0.566,1.4,1.7,0.809,0.9,2.4,3.3,1.7,0.4,0.2,1.2,1.8,11.5
Tari Eason,23.0,HOU,PF,24.0,0.0,22.8,4.4,9.2,0.475,1.0,3.0,0.315,3.4,6.2,0.554,0.527,1.5,2.0,0.755,2.1,4.2,6.3,1.0,1.9,1.0,0.8,2.5,11.3
T.J. McConnell,32.0,IND,PG,27.0,0.0,19.8,5.1,9.0,0.566,0.1,0.5,0.214,5.0,8.5,0.587,0.572,0.9,1.2,0.758,0.6,1.9,2.5,4.2,1.3,0.3,1.6,1.1,11.3
Onyeka Okongwu,24.0,ATL,C,25.0,0.0,23.8,4.4,8.1,0.542,0.4,1.6,0.244,4.0,6.5,0.617,0.567,2.1,2.7,0.779,2.5,4.1,6.6,1.4,0.7,0.7,0.8,2.2,11.3
Brook Lopez,36.0,MIL,C,25.0,25.0,32.7,4.2,8.9,0.475,1.8,5.0,0.357,2.4,3.9,0.629,0.576,1.0,1.4,0.706,1.2,3.7,4.9,1.6,1.0,2.1,1.2,2.5,11.2
Alex Sarr,19.0,WAS,C,23.0,23.0,27.1,4.3,10.9,0.392,1.3,4.5,0.279,3.0,6.3,0.473,0.45,1.4,2.3,0.635,2.1,4.3,6.4,2.1,0.7,1.9,1.5,2.8,11.2
Justin Champagnie,23.0,WAS,SF,8.0,5.0,25.9,4.5,8.1,0.554,1.1,3.4,0.333,3.4,4.8,0.711,0.623,1.0,1.5,0.667,2.6,4.0,6.6,1.4,1.4,0.6,0.9,2.3,11.1
Zach Edey,22.0,MEM,C,16.0,10.0,20.6,4.6,7.4,0.619,0.4,0.8,0.583,4.1,6.6,0.623,0.648,1.5,2.3,0.667,3.4,3.8,7.2,1.0,0.8,1.1,1.7,3.3,11.1
Royce O'Neale,31.0,PHO,SF,26.0,7.0,26.2,3.9,8.5,0.462,2.6,5.7,0.463,1.3,2.8,0.459,0.615,0.6,0.8,0.762,1.1,4.8,5.9,2.2,0.9,0.6,1.0,2.3,11.1
Nick Richards,27.0,CHO,C,12.0,8.0,24.1,3.8,6.4,0.597,0.0,0.1,0.0,3.8,6.3,0.605,0.597,3.4,4.8,0.707,2.8,6.3,9.1,1.4,0.5,1.5,1.7,2.7,11.1
Duncan Robinson,30.0,MIA,SF,23.0,12.0,22.6,4.0,9.5,0.422,2.5,6.4,0.385,1.5,3.0,0.5,0.553,0.7,0.8,0.833,0.3,1.9,2.2,2.2,0.5,0.1,1.0,2.1,11.1
Harrison Barnes,32.0,SAS,PF,27.0,27.0,28.6,3.6,7.6,0.48,1.5,3.5,0.426,2.1,4.1,0.527,0.578,2.3,2.8,0.803,1.6,2.5,4.1,1.7,0.3,0.2,0.7,0.9,11.0
DaQuan Jeffries,27.0,CHO,SG,3.0,0.0,20.3,4.3,6.7,0.65,2.0,3.3,0.6,2.3,3.3,0.7,0.8,0.3,0.7,0.5,1.0,2.7,3.7,1.0,0.3,0.3,0.7,1.3,11.0
Corey Kispert,25.0,WAS,SF,20.0,0.0,27.2,4.1,9.6,0.422,1.9,5.9,0.325,2.2,3.8,0.573,0.521,1.0,1.2,0.833,0.4,3.1,3.5,1.5,0.6,0.2,1.2,1.7,11.0
Walker Kessler,23.0,UTA,C,20.0,20.0,29.4,4.7,6.6,0.718,0.1,0.1,1.0,4.6,6.5,0.713,0.725,1.4,2.4,0.583,4.0,6.7,10.6,1.6,0.5,2.9,1.5,2.1,10.9
Grayson Allen,29.0,PHO,SG,22.0,1.0,24.1,3.4,8.3,0.407,2.3,6.0,0.379,1.1,2.3,0.48,0.544,1.8,2.2,0.833,0.7,2.5,3.2,1.8,0.9,0.3,1.0,1.5,10.8
Dorian Finney-Smith,31.0,BRK,PF,19.0,19.0,29.1,3.8,8.0,0.474,2.5,5.5,0.452,1.3,2.5,0.521,0.628,0.8,1.2,0.652,1.5,2.8,4.3,1.6,0.9,0.6,0.9,2.8,10.8
Zaccharie Risacher,19.0,ATL,SF,28.0,26.0,23.6,4.0,10.1,0.394,1.2,4.3,0.273,2.8,5.8,0.485,0.452,1.6,2.4,0.682,1.1,2.2,3.4,1.1,0.9,0.7,1.1,2.1,10.8
Obi Toppin,26.0,IND,PF,27.0,0.0,20.4,4.2,7.6,0.549,1.3,3.7,0.36,2.9,3.9,0.726,0.636,1.1,1.2,0.879,0.7,3.4,4.1,1.8,0.8,0.4,0.7,1.6,10.8
Jose Alvarado,26.0,NOP,PG,11.0,7.0,25.6,3.6,9.2,0.396,2.2,5.5,0.4,1.5,3.7,0.39,0.515,1.3,1.5,0.824,0.5,1.6,2.2,4.5,1.5,0.3,1.3,2.4,10.7
Scoot Henderson,20.0,POR,PG,20.0,3.0,25.7,3.8,9.8,0.388,0.9,3.3,0.273,2.9,6.5,0.446,0.434,2.2,2.8,0.782,0.7,2.1,2.8,5.0,0.9,0.2,2.8,2.6,10.7
Ty Jerome,27.0,CLE,SG,26.0,2.0,18.0,3.9,7.2,0.537,1.3,2.9,0.447,2.6,4.3,0.598,0.628,1.6,1.7,0.911,0.5,1.5,2.0,3.5,1.3,0.0,1.2,1.5,10.7
Miles McBride,24.0,NYK,PG,22.0,0.0,25.4,3.8,8.4,0.449,2.1,5.0,0.423,1.6,3.4,0.486,0.576,1.0,1.2,0.846,0.6,2.0,2.6,3.0,0.9,0.2,1.0,1.6,10.7
Amir Coffey,27.0,LAC,SG,27.0,8.0,24.6,3.8,7.5,0.502,1.7,3.9,0.434,2.1,3.6,0.577,0.616,1.3,1.6,0.814,0.6,2.0,2.6,1.3,0.6,0.1,0.7,1.6,10.6
Grant Williams,26.0,CHO,PF,16.0,7.0,29.9,3.4,7.7,0.439,1.7,4.6,0.365,1.7,3.1,0.551,0.549,1.9,2.3,0.838,1.1,4.0,5.1,2.3,1.1,0.8,1.8,2.9,10.4
Rudy Gobert,32.0,MIN,C,26.0,26.0,34.0,3.9,6.1,0.635,0.0,0.0,0.333,3.9,6.1,0.635,0.635,2.5,3.4,0.742,3.3,7.5,10.7,1.9,0.8,1.4,1.6,2.8,10.3
Dalton Knecht,23.0,LAL,SF,27.0,12.0,23.1,3.9,8.3,0.464,1.9,5.0,0.37,2.0,3.3,0.607,0.576,0.7,1.0,0.714,0.6,3.0,3.6,1.1,0.5,0.0,0.6,1.5,10.3
De'Anthony Melton,26.0,GSW,SG,6.0,2.0,20.2,3.7,9.0,0.407,2.2,5.8,0.371,1.5,3.2,0.474,0.528,0.8,1.3,0.625,1.0,2.3,3.3,2.8,1.2,0.3,1.7,3.0,10.3
Jaden McDaniels,24.0,MIN,PF,26.0,26.0,30.0,4.0,9.1,0.445,1.3,3.9,0.327,2.8,5.2,0.533,0.515,0.8,1.2,0.71,1.2,3.0,4.3,1.8,1.3,0.8,1.0,2.9,10.2
Scotty Pippen Jr.,24.0,MEM,PG,28.0,10.0,22.3,3.9,8.4,0.466,0.9,2.9,0.325,3.0,5.6,0.538,0.521,1.4,2.0,0.684,0.6,2.9,3.5,5.1,1.0,0.4,2.0,2.5,10.2
Clint Capela,30.0,ATL,C,28.0,28.0,23.0,4.5,7.8,0.581,0.0,0.0,0.333,4.5,7.8,0.581,0.581,1.0,1.9,0.537,3.6,5.8,9.4,1.3,0.6,1.0,0.8,2.1,10.0
Derrick Jones Jr.,27.0,LAC,SF,26.0,26.0,24.8,3.8,7.6,0.505,1.2,2.8,0.432,2.6,4.8,0.548,0.586,1.0,1.2,0.871,1.2,2.1,3.3,0.9,1.3,0.3,1.0,2.1,10.0
Mark Williams,23.0,CHO,C,6.0,3.0,14.0,4.2,6.5,0.641,0.0,0.0,0.333,4.2,6.5,0.641,0.641,1.7,2.3,0.714,2.3,3.2,5.5,1.5,0.3,1.0,0.5,1.5,10.0
Luguentz Dort,25.0,OKC,SF,26.0,26.0,29.3,3.3,8.2,0.407,2.2,5.5,0.392,1.2,2.7,0.437,0.537,1.1,1.3,0.8,1.5,3.3,4.8,1.8,1.3,0.8,0.6,3.1,9.9
Dalano Banton,25.0,POR,PG,24.0,0.0,16.7,3.5,8.3,0.422,1.3,3.5,0.365,2.2,4.8,0.465,0.5,1.5,2.3,0.667,0.4,1.9,2.3,2.6,0.9,0.5,1.7,1.1,9.8
Tim Hardaway Jr.,32.0,DET,SG,25.0,25.0,27.8,3.2,8.0,0.405,1.9,5.4,0.346,1.4,2.6,0.531,0.523,1.4,1.7,0.857,0.2,1.9,2.1,1.6,0.4,0.0,0.7,1.4,9.8
Kevin Huerter,26.0,SAC,SG,24.0,15.0,25.6,3.7,8.6,0.432,1.8,5.8,0.317,1.9,2.8,0.672,0.539,0.5,0.8,0.684,0.4,3.1,3.5,2.0,1.0,0.5,1.1,2.3,9.8
Larry Nance Jr.,32.0,ATL,PF,11.0,2.0,17.8,3.8,6.1,0.627,1.9,3.2,0.6,1.9,2.9,0.656,0.784,0.3,0.4,0.75,1.2,2.4,3.5,1.5,0.9,0.4,0.4,1.5,9.8
Nickeil Alexander-Walker,26.0,MIN,SG,26.0,2.0,23.8,3.5,7.0,0.505,1.7,3.8,0.434,1.9,3.2,0.59,0.624,1.0,1.3,0.765,0.7,2.0,2.7,2.5,0.9,0.3,1.4,1.6,9.7
Chris Boucher,32.0,TOR,PF,25.0,0.0,18.1,3.5,7.8,0.449,1.0,3.8,0.266,2.5,4.1,0.618,0.513,1.7,2.2,0.75,1.4,3.2,4.6,0.6,0.5,0.8,0.6,1.4,9.7
Chris Paul,39.0,SAS,PG,27.0,27.0,28.4,3.3,7.6,0.434,1.8,4.9,0.364,1.5,2.7,0.562,0.551,1.3,1.3,1.0,0.6,3.6,4.1,8.4,1.5,0.2,1.9,1.9,9.7
Kevin Porter Jr.,24.0,LAC,SG,25.0,1.0,20.0,3.9,9.4,0.413,0.6,2.6,0.231,3.3,6.8,0.482,0.445,1.2,1.9,0.638,0.7,3.0,3.6,3.0,1.0,0.3,2.2,1.6,9.6
Patrick Williams,23.0,CHI,PF,18.0,17.0,27.3,3.2,8.8,0.365,1.8,4.8,0.368,1.4,4.0,0.361,0.465,1.4,1.6,0.862,1.0,3.6,4.6,2.1,0.9,0.6,1.7,1.4,9.6
Nic Claxton,25.0,BRK,C,21.0,13.0,24.6,4.2,6.8,0.622,0.0,0.2,0.25,4.2,6.6,0.633,0.626,1.0,2.0,0.465,2.0,5.5,7.4,2.1,0.7,1.2,1.1,2.4,9.5
Toumani Camara,24.0,POR,PF,27.0,27.0,30.6,3.4,8.0,0.429,1.6,4.3,0.371,1.9,3.7,0.495,0.528,0.8,1.1,0.733,2.1,3.1,5.2,2.0,1.4,0.5,1.6,2.9,9.3
Yves Missi,20.0,NOP,C,27.0,21.0,26.0,3.7,6.7,0.552,0.0,0.0,0.333,3.7,6.7,0.552,0.552,1.9,2.9,0.646,3.9,4.7,8.6,1.2,0.7,1.2,1.1,2.2,9.3
Andrew Nembhard,25.0,IND,SG,14.0,14.0,26.1,3.4,7.4,0.452,0.6,2.1,0.31,2.7,5.4,0.507,0.495,1.9,2.2,0.871,0.2,2.1,2.4,4.7,0.9,0.0,1.6,1.7,9.3
Jusuf Nurkić,30.0,PHO,C,19.0,19.0,25.0,3.2,7.1,0.452,0.7,2.6,0.28,2.5,4.5,0.553,0.504,2.2,3.2,0.683,1.9,8.1,10.0,1.3,0.9,0.7,2.4,3.0,9.3
Aaron Nesmith,25.0,IND,SF,6.0,6.0,22.7,3.2,6.0,0.528,1.0,1.8,0.545,2.2,4.2,0.52,0.611,1.8,2.2,0.846,0.7,3.3,4.0,1.0,0.7,0.3,0.8,4.0,9.2
Marcus Smart,30.0,MEM,PG,17.0,6.0,21.9,2.9,8.1,0.365,1.6,4.9,0.325,1.4,3.2,0.426,0.464,1.7,2.1,0.829,0.8,1.6,2.5,3.9,1.3,0.4,2.0,1.7,9.2
Julian Strawther,22.0,DEN,SG,25.0,0.0,20.6,3.2,6.8,0.468,1.4,3.4,0.395,1.8,3.4,0.541,0.567,1.4,1.7,0.814,0.3,1.8,2.1,1.4,0.7,0.4,0.9,2.5,9.2
Guerschon Yabusele,29.0,PHI,PF,24.0,10.0,23.8,3.3,7.0,0.476,1.4,3.8,0.374,1.9,3.2,0.597,0.577,1.1,1.8,0.614,1.7,3.7,5.3,1.8,0.6,0.4,1.3,2.6,9.2
Goga Bitadze,25.0,ORL,C,24.0,21.0,23.7,3.8,6.0,0.634,0.0,0.5,0.0,3.8,5.5,0.692,0.634,1.5,1.9,0.778,2.9,5.0,7.8,2.0,0.8,1.6,1.5,2.5,9.1
Jay Huff,26.0,MEM,C,27.0,1.0,15.2,3.2,6.2,0.515,1.6,4.0,0.411,1.6,2.2,0.7,0.647,1.1,1.5,0.756,0.6,2.1,2.8,0.8,0.3,1.2,0.6,1.7,9.1
Trentyn Flowers,19.0,LAC,SF,1.0,0.0,14.0,4.0,9.0,0.444,0.0,2.0,0.0,4.0,7.0,0.571,0.444,1.0,1.0,1.0,1.0,3.0,4.0,0.0,0.0,0.0,1.0,3.0,9.0
Peyton Watson,22.0,DEN,SF,25.0,12.0,24.3,3.3,6.6,0.494,0.8,2.2,0.37,2.5,4.5,0.554,0.554,1.7,2.2,0.764,1.0,2.3,3.3,1.2,0.8,0.9,0.8,2.1,9.0
Jalen Wilson,24.0,BRK,PF,26.0,6.0,25.4,3.0,7.4,0.404,1.4,4.2,0.336,1.6,3.2,0.494,0.5,1.6,1.9,0.84,1.0,2.3,3.3,1.8,0.5,0.0,0.9,2.3,9.0
Draymond Green,34.0,GSW,PF,24.0,22.0,28.2,3.0,7.0,0.431,1.5,3.7,0.393,1.5,3.3,0.474,0.536,1.4,2.2,0.642,0.9,5.0,6.0,5.6,1.0,0.9,2.5,3.3,8.9
Al Horford,38.0,BOS,C,20.0,18.0,27.7,3.3,7.1,0.461,2.1,5.2,0.398,1.2,1.9,0.632,0.606,0.3,0.3,1.0,1.0,4.4,5.3,2.3,0.7,1.0,1.0,1.7,8.9
Dereck Lively II,20.0,DAL,C,22.0,15.0,24.0,3.6,5.2,0.702,0.0,0.0,0.333,3.6,5.2,0.702,0.702,1.6,2.7,0.61,3.0,4.7,7.7,2.4,0.5,1.6,1.3,2.9,8.9
Gary Trent Jr.,26.0,MIL,SG,23.0,7.0,25.8,3.0,7.4,0.404,2.0,5.0,0.388,1.0,2.4,0.436,0.535,1.0,1.1,0.88,0.1,1.8,2.0,1.0,0.9,0.0,0.5,2.3,8.9
Aaron Wiggins,26.0,OKC,SG,26.0,8.0,20.3,3.5,7.7,0.45,1.4,3.5,0.402,2.0,4.2,0.491,0.543,0.6,0.7,0.789,0.9,2.4,3.3,1.5,0.9,0.3,0.8,1.3,8.9
Jalen Duren,21.0,DET,C,25.0,25.0,24.3,3.6,5.3,0.684,0.0,0.0,0.333,3.6,5.3,0.684,0.684,1.6,2.7,0.582,3.1,6.0,9.1,2.3,0.5,1.2,2.0,3.2,8.8
Quentin Grimes,24.0,DAL,SG,25.0,9.0,20.6,3.0,6.4,0.469,1.5,3.7,0.409,1.5,2.7,0.552,0.588,1.3,1.8,0.711,0.6,3.0,3.6,1.5,0.8,0.2,1.2,1.8,8.8
Jaime Jaquez Jr.,23.0,MIA,SF,20.0,1.0,21.1,3.3,7.9,0.42,0.5,2.0,0.25,2.8,5.9,0.479,0.452,1.7,2.4,0.723,1.4,3.5,4.8,2.3,1.0,0.1,1.5,1.6,8.8
Isaiah Joe,25.0,OKC,SG,24.0,9.0,21.2,3.1,7.5,0.413,2.2,5.8,0.379,0.9,1.6,0.538,0.561,0.4,0.5,0.769,0.5,2.2,2.7,1.6,0.7,0.3,0.5,1.7,8.8
Georges Niang,31.0,CLE,PF,27.0,1.0,20.8,3.4,7.1,0.476,1.7,4.6,0.363,1.7,2.5,0.687,0.594,0.4,0.5,0.786,0.8,3.3,4.1,1.3,0.3,0.2,1.0,2.3,8.8
Anthony Black,21.0,ORL,PG,29.0,1.0,24.3,3.1,7.3,0.422,0.7,2.5,0.264,2.4,4.8,0.504,0.467,1.9,2.6,0.72,0.5,2.2,2.7,3.8,1.0,0.8,2.2,2.1,8.7
Carlton Carrington,19.0,WAS,PG,25.0,17.0,29.3,3.2,8.4,0.384,1.4,4.5,0.321,1.8,4.0,0.455,0.469,0.8,1.0,0.8,0.4,4.2,4.6,4.0,0.9,0.3,2.0,3.1,8.7
Caleb Martin,29.0,PHI,SF,20.0,15.0,29.1,3.0,7.4,0.405,0.8,2.6,0.294,2.3,4.9,0.464,0.456,2.0,2.9,0.672,1.4,3.3,4.6,2.3,1.0,0.5,1.8,1.7,8.7
Cody Martin,29.0,CHO,SF,27.0,5.0,26.3,3.3,7.4,0.445,1.2,3.7,0.327,2.1,3.7,0.566,0.528,0.9,1.3,0.686,1.1,3.6,4.7,2.2,1.1,0.7,1.1,2.0,8.7
Sam Hauser,27.0,BOS,PF,21.0,2.0,22.4,3.1,7.2,0.437,2.2,6.0,0.373,0.9,1.2,0.76,0.593,0.1,0.1,1.0,0.9,2.7,3.5,1.0,0.9,0.2,0.4,1.2,8.6
Ziaire Williams,23.0,BRK,SF,21.0,7.0,21.9,3.0,7.6,0.403,0.9,3.1,0.273,2.2,4.4,0.495,0.459,1.7,2.1,0.795,1.0,3.3,4.4,1.1,1.0,0.3,0.9,2.7,8.6
Mike Conley,37.0,MIN,PG,22.0,22.0,25.4,2.6,7.5,0.343,1.9,5.2,0.365,0.7,2.3,0.294,0.47,1.4,1.5,0.909,0.5,2.4,3.0,4.6,1.5,0.3,1.4,1.6,8.5
Donte DiVincenzo,28.0,MIN,SG,26.0,2.0,24.8,3.0,8.2,0.362,2.1,6.4,0.325,0.9,1.8,0.489,0.488,0.5,0.7,0.778,0.3,2.8,3.2,3.4,1.2,0.2,1.7,1.5,8.5
Jake LaRavia,23.0,MEM,PF,28.0,0.0,22.9,3.0,6.0,0.494,0.9,2.2,0.419,2.0,3.8,0.538,0.571,1.6,2.3,0.719,1.4,3.2,4.5,3.4,0.9,0.6,1.5,2.2,8.5
Jaylen Nowell,25.0,NOP,SG,8.0,0.0,21.0,3.3,9.1,0.356,1.0,3.4,0.296,2.3,5.8,0.391,0.411,0.9,1.4,0.636,0.8,1.8,2.5,2.3,0.1,0.5,1.0,1.1,8.4
Spencer Dinwiddie,31.0,DAL,PG,25.0,1.0,22.0,2.4,6.2,0.394,1.3,3.6,0.352,1.2,2.6,0.453,0.497,2.1,2.5,0.855,0.2,1.7,1.9,3.2,0.8,0.3,0.8,1.5,8.3
Trendon Watford,24.0,BRK,PF,13.0,0.0,16.1,2.7,6.1,0.443,0.6,2.0,0.308,2.1,4.1,0.509,0.494,2.3,2.7,0.857,0.3,2.5,2.8,1.2,0.4,0.3,1.2,2.3,8.3
Robert Williams,27.0,POR,C,9.0,1.0,17.6,3.4,4.7,0.738,0.1,0.2,0.5,3.3,4.4,0.75,0.75,1.3,1.4,0.923,1.9,3.6,5.4,1.3,0.9,1.4,0.9,1.0,8.3
Kentavious Caldwell-Pope,31.0,ORL,SG,28.0,28.0,30.4,2.8,7.1,0.395,1.4,4.7,0.303,1.4,2.4,0.574,0.495,1.1,1.3,0.886,0.4,1.6,2.0,1.9,1.6,0.6,0.8,2.1,8.2
Bones Hyland,24.0,LAC,PG,12.0,0.0,11.4,2.5,6.1,0.411,1.9,4.3,0.442,0.6,1.8,0.333,0.568,1.3,1.5,0.833,0.3,0.8,1.1,1.2,0.9,0.3,1.3,1.3,8.2
Brandin Podziemski,21.0,GSW,SG,25.0,8.0,24.5,3.2,8.1,0.396,1.0,3.7,0.258,2.2,4.4,0.514,0.455,0.9,1.2,0.733,1.0,3.6,4.6,3.5,0.8,0.3,1.2,1.6,8.2
A.J. Green,25.0,MIL,SG,24.0,3.0,21.1,2.7,5.7,0.478,2.5,5.2,0.476,0.3,0.5,0.5,0.695,0.2,0.3,0.833,0.2,2.0,2.1,1.0,0.5,0.1,0.7,2.1,8.1
Nikola Jović,21.0,MIA,PF,15.0,8.0,18.6,2.9,6.1,0.467,1.1,3.1,0.348,1.8,3.1,0.587,0.554,1.3,1.8,0.741,0.5,3.2,3.7,1.3,0.9,0.1,0.5,1.4,8.1
Tristan Da Silva,23.0,ORL,SF,25.0,18.0,23.7,3.0,7.3,0.418,1.2,3.6,0.337,1.8,3.7,0.495,0.5,0.7,1.0,0.708,1.0,2.5,3.6,1.4,0.4,0.2,0.8,1.5,8.0
Brice Sensabaugh,21.0,UTA,SF,20.0,0.0,16.6,2.8,6.1,0.459,1.7,4.0,0.413,1.2,2.1,0.548,0.594,0.7,0.8,0.867,0.7,1.8,2.4,1.2,0.6,0.1,1.6,1.1,7.9
Jalen Smith,24.0,CHI,C,25.0,1.0,15.4,2.7,5.9,0.456,1.2,3.3,0.366,1.5,2.6,0.569,0.558,1.3,1.7,0.786,1.4,3.9,5.4,0.8,0.4,0.8,0.6,1.6,7.9
Andre Drummond,31.0,PHI,C,21.0,13.0,20.5,3.1,6.0,0.52,0.0,0.4,0.125,3.1,5.7,0.546,0.524,1.5,2.6,0.574,3.0,5.5,8.6,0.5,1.4,0.4,1.8,2.4,7.8
Garrison Mathews,28.0,ATL,SG,19.0,1.0,18.1,2.3,5.2,0.434,1.9,4.4,0.446,0.3,0.8,0.375,0.621,1.4,1.6,0.839,0.2,0.9,1.1,1.4,0.7,0.2,0.5,1.8,7.8
Taurean Prince,30.0,MIL,SF,25.0,25.0,26.6,2.8,5.8,0.479,1.9,3.6,0.516,0.9,2.1,0.415,0.642,0.4,0.5,0.846,0.6,3.5,4.2,1.8,0.8,0.2,1.1,2.0,7.8
Day'Ron Sharpe,23.0,BRK,C,6.0,0.0,15.2,2.5,5.8,0.429,0.3,1.5,0.222,2.2,4.3,0.5,0.457,2.5,2.7,0.938,2.0,2.7,4.7,0.8,1.2,0.3,1.3,1.8,7.8
Ausar Thompson,22.0,DET,SF,8.0,3.0,17.0,3.1,7.3,0.431,0.5,2.0,0.25,2.6,5.3,0.5,0.466,1.0,1.9,0.533,1.1,2.5,3.6,2.4,0.9,0.5,1.5,3.0,7.8
Cameron Payne,30.0,NYK,PG,21.0,0.0,17.1,2.8,6.6,0.428,1.7,4.0,0.417,1.1,2.6,0.444,0.554,0.4,0.5,0.818,0.3,1.5,1.8,3.2,0.6,0.4,0.5,2.0,7.7
Brandon Clarke,28.0,MEM,PF,27.0,17.0,18.7,3.5,5.7,0.613,0.0,0.6,0.063,3.5,5.1,0.676,0.616,0.5,0.8,0.591,1.7,3.5,5.2,1.0,0.8,0.4,0.5,2.0,7.6
Noah Clowney,20.0,BRK,PF,18.0,1.0,17.8,2.5,6.6,0.381,1.6,4.5,0.358,0.9,2.1,0.432,0.504,1.0,1.3,0.75,0.9,2.6,3.4,0.7,0.3,0.7,0.8,2.9,7.6
Josh Green,24.0,CHO,SG,25.0,24.0,27.7,2.8,6.5,0.423,1.5,3.5,0.42,1.3,3.0,0.427,0.537,0.6,1.0,0.6,1.0,1.6,2.6,1.6,0.9,0.4,0.9,3.0,7.6
Luke Kennard,28.0,MEM,SG,16.0,0.0,19.9,2.4,5.6,0.438,1.8,3.9,0.46,0.6,1.6,0.385,0.601,0.9,1.1,0.778,0.4,2.0,2.4,2.8,0.7,0.1,0.7,0.8,7.6
Wendell Carter Jr.,25.0,ORL,C,16.0,16.0,26.2,2.4,5.1,0.476,0.3,2.1,0.152,2.1,3.1,0.694,0.506,2.2,2.9,0.745,1.9,6.0,7.9,2.4,0.9,0.6,0.8,2.8,7.4
Talen Horton-Tucker,24.0,CHI,SG,22.0,0.0,12.0,2.7,5.1,0.527,1.0,2.2,0.429,1.7,2.9,0.603,0.621,1.0,1.6,0.657,0.5,1.5,2.0,1.5,0.3,0.2,0.5,1.0,7.4
Moses Moody,22.0,GSW,SG,23.0,4.0,15.6,2.5,6.0,0.42,1.3,3.6,0.366,1.2,2.4,0.5,0.529,1.1,1.5,0.714,0.4,1.4,1.9,0.9,0.3,0.3,0.8,1.1,7.4
Kyshawn George,21.0,WAS,SG,20.0,6.0,25.7,2.6,7.7,0.333,1.2,5.0,0.24,1.4,2.7,0.509,0.412,1.0,1.4,0.714,0.7,3.4,4.1,2.6,0.7,0.7,1.1,3.1,7.3
Trayce Jackson-Davis,24.0,GSW,C,25.0,18.0,16.9,3.2,5.3,0.606,0.0,0.0,0.0,3.2,5.2,0.611,0.606,0.9,1.5,0.605,1.7,3.2,4.8,2.0,0.3,0.7,0.8,1.2,7.3
Sam Merrill,28.0,CLE,SG,23.0,1.0,20.2,2.3,6.3,0.375,1.8,5.5,0.333,0.5,0.8,0.667,0.521,0.7,0.7,0.938,0.3,1.5,1.9,1.8,0.6,0.2,0.4,2.0,7.2
Isaiah Wong,24.0,CHO,SG,5.0,0.0,15.6,2.4,5.6,0.429,0.6,1.6,0.375,1.8,4.0,0.45,0.482,1.8,2.8,0.643,1.4,1.8,3.2,2.0,0.6,0.0,1.2,1.6,7.2
Haywood Highsmith,28.0,MIA,SF,22.0,16.0,24.8,2.6,5.5,0.475,1.3,3.1,0.426,1.3,2.4,0.538,0.596,0.6,0.9,0.684,0.8,2.2,3.0,1.1,1.1,0.8,0.7,2.0,7.1
Ja'Kobe Walter,20.0,TOR,SG,14.0,5.0,19.6,2.8,7.7,0.361,0.8,3.5,0.224,2.0,4.2,0.475,0.412,0.7,1.1,0.667,1.0,2.2,3.2,1.6,0.6,0.2,0.9,2.0,7.1
Isaiah Jackson,23.0,IND,C,5.0,1.0,16.8,2.8,4.6,0.609,0.0,0.0,0.333,2.8,4.6,0.609,0.609,1.4,2.8,0.5,2.2,3.4,5.6,1.0,0.6,1.6,1.0,2.8,7.0
Khris Middleton,33.0,MIL,SF,4.0,0.0,21.3,1.8,6.8,0.259,0.8,3.0,0.25,1.0,3.8,0.267,0.315,2.8,3.0,0.917,0.0,3.0,3.0,5.8,1.5,0.5,1.5,3.0,7.0
Vasilije Micić,31.0,CHO,PG,16.0,7.0,21.3,2.6,7.7,0.341,1.1,3.2,0.353,1.5,4.5,0.333,0.415,0.6,0.8,0.75,0.9,2.0,2.9,3.8,0.6,0.0,2.1,1.3,6.9
Kyle Filipowski,21.0,UTA,C,17.0,8.0,18.0,2.5,4.9,0.518,0.6,1.9,0.303,1.9,2.9,0.66,0.578,1.2,2.0,0.588,0.9,3.5,4.4,1.8,0.5,0.1,0.9,1.8,6.8
Tyrese Martin,25.0,BRK,SG,11.0,2.0,15.0,2.4,5.0,0.473,1.7,3.7,0.463,0.6,1.3,0.5,0.645,0.4,0.5,0.8,0.8,1.6,2.5,1.1,0.5,0.2,0.6,1.2,6.8
Kelly Olynyk,33.0,TOR,C,5.0,0.0,14.4,2.0,5.6,0.357,0.6,1.8,0.333,1.4,3.8,0.368,0.411,2.2,2.8,0.786,1.0,3.2,4.2,2.0,1.4,0.2,1.4,2.4,6.8
Jeremiah Robinson-Earl,24.0,NOP,PF,26.0,4.0,19.6,2.6,5.9,0.438,0.8,2.5,0.323,1.8,3.4,0.523,0.507,0.9,1.0,0.885,2.0,2.8,4.9,1.2,0.7,0.1,0.8,1.3,6.8
Cason Wallace,21.0,OKC,SG,26.0,15.0,26.5,2.8,6.7,0.422,1.0,3.3,0.302,1.8,3.3,0.54,0.497,0.2,0.3,0.857,1.3,2.3,3.6,2.1,1.7,0.7,0.6,2.0,6.8
Kris Dunn,30.0,LAC,PG,28.0,17.0,22.7,2.8,6.2,0.443,1.0,3.1,0.326,1.8,3.1,0.557,0.523,0.2,0.4,0.5,0.7,2.8,3.5,2.7,1.7,0.3,1.0,2.6,6.7
Johnny Juzang,23.0,UTA,SG,22.0,0.0,17.1,2.3,5.8,0.402,1.6,4.2,0.38,0.7,1.6,0.457,0.539,0.5,0.6,0.846,0.5,1.7,2.2,1.0,0.3,0.2,0.5,2.0,6.7
KJ Martin,24.0,PHI,PF,21.0,4.0,19.2,2.6,4.0,0.647,0.3,0.8,0.412,2.3,3.2,0.706,0.688,1.1,1.4,0.828,0.9,1.8,2.7,0.8,0.4,0.7,0.4,2.5,6.7
Davion Mitchell,26.0,TOR,PG,27.0,13.0,26.8,2.5,6.3,0.398,0.9,3.0,0.293,1.6,3.3,0.494,0.468,0.8,1.1,0.677,0.5,1.7,2.3,5.0,0.8,0.3,2.0,2.9,6.7
Josh Okogie,26.0,PHO,SG,15.0,1.0,13.5,2.5,4.8,0.514,0.7,1.6,0.417,1.8,3.2,0.563,0.583,1.1,1.5,0.696,1.3,1.7,2.9,0.5,0.9,0.3,0.7,1.0,6.7
Elfrid Payton,30.0,NOP,PG,7.0,3.0,20.6,3.3,6.6,0.5,0.0,0.1,0.0,3.3,6.4,0.511,0.5,0.1,0.3,0.5,0.7,2.7,3.4,6.9,1.4,0.4,2.9,1.4,6.7
Quenton Jackson,26.0,IND,PG,15.0,7.0,16.1,2.6,5.0,0.52,0.6,1.6,0.375,2.0,3.4,0.588,0.58,0.8,1.1,0.706,0.7,1.1,1.8,1.9,0.6,0.3,0.7,1.9,6.6
Jordan Miller,25.0,LAC,SF,17.0,0.0,15.6,2.6,5.9,0.44,0.4,1.6,0.25,2.2,4.2,0.514,0.475,1.0,1.3,0.773,1.0,1.1,2.1,1.2,0.4,0.2,0.9,1.1,6.6
Isaac Okoro,24.0,CLE,SG,23.0,16.0,21.0,2.3,4.7,0.495,1.3,2.7,0.492,1.0,2.0,0.5,0.636,0.7,0.9,0.714,0.9,1.3,2.3,1.7,0.7,0.4,0.4,2.0,6.6
Keon Ellis,25.0,SAC,SG,26.0,4.0,21.0,2.1,4.5,0.466,1.3,3.2,0.41,0.8,1.3,0.606,0.612,1.0,1.2,0.844,0.8,1.5,2.3,1.1,1.2,0.9,0.8,1.9,6.5
Jaden Hardy,22.0,DAL,SG,22.0,2.0,14.5,2.4,6.0,0.391,0.8,2.7,0.305,1.5,3.4,0.459,0.459,1.0,1.1,0.88,0.2,1.2,1.4,1.2,0.6,0.0,1.4,1.4,6.5
Simone Fontecchio,29.0,DET,SF,26.0,0.0,18.3,2.0,5.1,0.398,1.2,3.4,0.341,0.9,1.7,0.511,0.511,1.2,1.5,0.816,0.5,2.3,2.9,0.9,0.3,0.2,0.8,1.3,6.4
Jaxson Hayes,24.0,LAL,C,11.0,1.0,17.5,2.4,3.3,0.722,0.0,0.0,0.333,2.4,3.3,0.722,0.722,1.6,2.1,0.783,1.9,2.6,4.5,0.8,0.4,0.8,0.7,2.5,6.4
Kevin Love,36.0,MIA,PF,14.0,4.0,11.8,2.2,6.0,0.369,1.3,3.5,0.367,0.9,2.5,0.371,0.476,0.7,1.1,0.667,1.0,3.7,4.7,1.3,0.9,0.1,0.8,0.9,6.4
Shake Milton,28.0,BRK,SG,23.0,0.0,17.0,2.4,5.2,0.458,0.9,2.3,0.37,1.5,2.9,0.53,0.542,0.8,1.0,0.75,0.6,1.2,1.8,2.0,0.4,0.0,0.7,1.3,6.4
Marcus Sasser,24.0,DET,PG,19.0,0.0,13.7,2.6,4.8,0.533,0.9,2.2,0.405,1.7,2.6,0.64,0.625,0.3,0.3,1.0,0.4,0.6,1.0,1.8,0.8,0.2,0.8,1.1,6.4
Ron Holland,19.0,DET,SF,28.0,1.0,16.2,2.5,5.3,0.466,0.4,2.0,0.211,2.0,3.3,0.626,0.507,1.0,1.2,0.794,0.6,2.5,3.1,0.7,0.5,0.2,1.0,1.6,6.3
Terance Mann,28.0,LAC,SG,23.0,11.0,21.0,2.4,5.6,0.438,0.7,2.0,0.34,1.7,3.5,0.494,0.5,0.7,1.0,0.667,1.0,2.0,3.1,1.7,1.0,0.2,0.6,2.0,6.3
Max Christie,21.0,LAL,SG,26.0,5.0,20.6,1.9,4.5,0.415,0.7,2.2,0.321,1.2,2.4,0.5,0.492,1.8,2.1,0.852,0.8,1.5,2.3,1.2,0.8,0.4,0.8,1.5,6.2
Javonte Green,31.0,NOP,SG,26.0,12.0,22.7,2.2,5.0,0.431,0.7,2.2,0.304,1.5,2.8,0.527,0.496,1.2,1.7,0.744,1.0,2.3,3.3,0.8,1.0,0.7,0.6,1.3,6.2
Jonathan Isaac,27.0,ORL,PF,23.0,0.0,16.8,2.3,5.1,0.441,0.8,2.7,0.295,1.5,2.5,0.596,0.517,0.9,1.3,0.69,1.7,2.9,4.6,0.2,0.9,1.4,0.4,1.4,6.2
Malaki Branham,21.0,SAS,SG,20.0,0.0,12.6,2.2,5.0,0.44,0.9,2.2,0.395,1.4,2.9,0.474,0.525,0.9,1.0,0.85,0.2,1.4,1.5,1.3,0.4,0.1,1.3,0.7,6.1
Ryan Dunn,22.0,PHO,SF,22.0,9.0,17.2,2.4,5.5,0.426,1.1,3.5,0.312,1.3,2.0,0.622,0.525,0.2,0.5,0.417,0.6,1.9,2.5,0.7,0.5,0.5,0.5,2.3,6.0
Pelle Larsson,23.0,MIA,SG,15.0,0.0,16.3,2.3,4.2,0.54,0.7,1.9,0.379,1.5,2.3,0.676,0.627,0.7,1.3,0.55,0.7,1.3,2.0,1.5,0.6,0.0,0.5,2.1,6.0
Dariq Whitehead,20.0,BRK,SF,3.0,0.0,8.7,2.0,3.7,0.545,2.0,3.3,0.6,0.0,0.3,0.0,0.818,0.0,0.0,0.7765,0.0,1.0,1.0,0.3,0.7,0.3,1.0,0.3,6.0
Isaiah Stewart,23.0,DET,C,27.0,3.0,21.4,2.4,4.3,0.552,0.2,0.8,0.238,2.2,3.5,0.621,0.573,1.1,1.2,0.879,2.2,3.7,6.0,1.7,0.5,1.3,1.1,2.7,6.0
James Wiseman,23.0,IND,C,1.0,0.0,5.0,2.0,4.0,0.5,0.0,1.0,0.0,2.0,3.0,0.667,0.5,2.0,2.0,1.0,0.0,1.0,1.0,0.0,0.0,0.0,0.0,0.0,6.0
Jamison Battle,23.0,TOR,SF,25.0,0.0,13.8,2.1,4.3,0.481,1.4,3.2,0.432,0.7,1.1,0.63,0.644,0.4,0.4,0.818,0.6,1.4,1.9,0.9,0.1,0.2,0.3,1.2,5.9
Donovan Clingan,20.0,POR,C,20.0,7.0,16.8,2.5,4.7,0.527,0.2,0.7,0.308,2.3,4.0,0.563,0.548,0.8,1.1,0.727,3.0,3.6,6.6,0.5,0.5,2.0,1.2,3.0,5.9
Lindy Waters III,27.0,GSW,SG,22.0,8.0,17.9,2.1,5.6,0.382,1.4,4.0,0.356,0.7,1.6,0.444,0.508,0.2,0.2,0.8,0.5,2.1,2.6,1.4,0.7,0.2,0.4,1.6,5.9
Kenrich Williams,30.0,OKC,PF,16.0,0.0,13.0,2.3,3.9,0.571,0.9,2.1,0.412,1.4,1.8,0.759,0.683,0.5,0.5,1.0,0.8,2.1,2.8,0.9,0.6,0.3,0.2,1.8,5.9
Jared Butler,24.0,WAS,SG,19.0,0.0,11.2,2.3,5.0,0.463,0.4,1.3,0.28,1.9,3.7,0.529,0.5,0.8,1.2,0.727,0.3,0.7,1.0,2.6,0.4,0.1,0.8,1.3,5.8
Alex Caruso,30.0,OKC,SG,18.0,0.0,19.9,2.2,5.8,0.385,0.9,3.4,0.279,1.3,2.4,0.535,0.466,0.4,0.5,0.778,0.6,2.4,2.9,2.2,1.9,0.6,0.7,2.2,5.8
Zach Collins,27.0,SAS,C,24.0,4.0,14.2,2.1,4.4,0.476,0.5,1.5,0.333,1.6,2.9,0.551,0.533,1.2,1.3,0.875,1.2,2.2,3.3,1.8,0.5,0.5,0.9,2.2,5.8
JT Thor,22.0,CLE,PF,4.0,0.0,5.3,1.8,2.0,0.875,0.8,0.8,1.0,1.0,1.3,0.8,1.063,1.5,1.5,1.0,0.3,0.5,0.8,0.0,0.5,0.8,0.5,1.0,5.8
Precious Achiuwa,25.0,NYK,PF,6.0,1.0,20.0,2.3,4.7,0.5,0.2,0.7,0.25,2.2,4.0,0.542,0.518,0.8,1.7,0.5,1.7,5.0,6.7,1.3,0.8,0.8,0.8,1.3,5.7
Keon Johnson,22.0,BRK,SG,25.0,6.0,17.1,2.1,6.1,0.342,1.2,3.8,0.305,0.9,2.3,0.404,0.438,0.4,0.5,0.75,0.5,2.3,2.8,1.1,0.5,0.3,1.0,2.3,5.7
Cam Whitmore,20.0,HOU,SF,9.0,0.0,9.1,2.2,5.6,0.4,0.1,2.3,0.048,2.1,3.2,0.655,0.41,1.1,1.8,0.625,0.4,0.9,1.3,0.4,0.1,0.1,0.3,1.0,5.7
Jonathan Mogbo,23.0,TOR,PF,28.0,4.0,17.8,2.1,4.6,0.465,0.3,0.8,0.318,1.9,3.8,0.495,0.492,1.1,1.5,0.698,2.0,2.6,4.6,1.8,0.9,0.4,0.9,1.9,5.6
Ben Simmons,28.0,BRK,PG,21.0,15.0,24.3,2.6,4.4,0.591,0.0,0.0,0.333,2.6,4.4,0.591,0.591,0.4,0.6,0.615,0.9,4.6,5.5,6.6,0.8,0.6,2.7,2.5,5.6
Lonzo Ball,27.0,CHI,PG,11.0,0.0,17.7,1.7,5.4,0.322,1.4,4.5,0.3,0.4,0.8,0.444,0.449,0.6,0.6,1.0,0.4,2.8,3.2,3.7,1.0,0.6,1.0,1.3,5.5
Ajay Mitchell,22.0,OKC,SG,26.0,0.0,15.5,2.2,4.5,0.479,0.5,1.2,0.438,1.6,3.3,0.494,0.538,0.6,0.7,0.842,0.4,1.1,1.5,1.7,0.8,0.1,0.8,1.7,5.5
Ben Sheppard,23.0,IND,SG,14.0,5.0,20.6,2.1,5.0,0.414,1.4,3.6,0.38,0.7,1.4,0.5,0.55,0.0,0.0,0.7765,0.4,1.8,2.2,1.2,0.4,0.4,0.4,2.6,5.5
Dru Smith,27.0,MIA,SG,11.0,0.0,18.6,2.0,4.2,0.478,1.0,2.0,0.5,1.0,2.2,0.458,0.598,0.5,0.7,0.75,0.9,1.9,2.8,1.6,1.4,0.5,1.0,1.9,5.5
Jarace Walker,21.0,IND,PF,28.0,1.0,17.8,1.9,4.5,0.425,1.0,2.5,0.38,1.0,2.0,0.482,0.531,0.7,1.1,0.613,0.4,3.1,3.5,1.5,1.1,0.3,1.4,1.6,5.5
Trey Lyles,29.0,SAC,PF,18.0,2.0,19.6,1.8,5.1,0.363,1.2,3.7,0.333,0.6,1.4,0.44,0.484,0.6,0.8,0.714,0.8,3.1,3.9,0.9,0.6,0.6,0.6,1.4,5.4
Neemias Queta,25.0,BOS,C,23.0,5.0,16.8,2.3,3.7,0.631,0.0,0.1,0.0,2.3,3.6,0.646,0.631,0.8,1.0,0.75,1.7,3.0,4.7,0.7,0.3,1.0,0.7,2.0,5.4
Paul Reed,25.0,DET,C,14.0,0.0,11.1,2.1,3.7,0.558,0.3,0.8,0.364,1.8,2.9,0.61,0.596,1.0,1.2,0.824,0.9,1.6,2.4,0.6,0.9,0.6,0.8,1.6,5.4
David Roddy,23.0,ATL,PF,14.0,1.0,14.6,1.9,3.4,0.563,0.7,1.7,0.417,1.2,1.7,0.708,0.667,0.8,0.9,0.846,0.3,2.6,2.9,1.4,0.4,0.2,0.9,0.8,5.4
Kobe Bufkin,21.0,ATL,SG,10.0,0.0,12.4,1.8,4.7,0.383,0.4,1.9,0.211,1.4,2.8,0.5,0.426,1.3,1.8,0.722,0.5,1.6,2.1,1.7,0.3,0.2,0.8,0.9,5.3
Alec Burks,33.0,MIA,SG,12.0,0.0,15.1,1.8,3.8,0.457,1.3,2.7,0.469,0.5,1.2,0.429,0.62,0.5,0.7,0.75,0.3,1.6,1.9,1.3,0.5,0.3,0.2,0.4,5.3
Cam Spencer,24.0,MEM,SG,4.0,0.0,13.5,1.8,3.3,0.538,0.8,1.5,0.5,1.0,1.8,0.571,0.654,1.0,1.0,1.0,0.3,1.5,1.8,1.8,0.3,0.3,0.8,1.3,5.3
Vince Williams Jr.,24.0,MEM,SG,3.0,0.0,15.0,2.3,6.3,0.368,0.3,2.7,0.125,2.0,3.7,0.545,0.395,0.3,1.3,0.25,1.3,2.3,3.7,3.0,0.0,0.7,2.3,3.0,5.3
Matas Buzelis,20.0,CHI,SF,27.0,0.0,12.8,1.8,4.8,0.372,0.9,2.5,0.343,0.9,2.3,0.403,0.461,0.8,1.0,0.808,0.5,2.2,2.7,0.5,0.3,0.7,0.6,1.4,5.2
Torrey Craig,34.0,CHI,SF,6.0,1.0,11.2,1.8,3.7,0.5,1.2,3.0,0.389,0.7,0.7,1.0,0.659,0.3,0.3,1.0,0.5,1.7,2.2,0.5,0.2,0.2,0.0,1.7,5.2
Kevon Looney,28.0,GSW,C,24.0,5.0,16.4,2.3,4.3,0.519,0.0,0.0,0.333,2.3,4.3,0.519,0.519,0.7,1.6,0.436,3.4,4.1,7.5,1.8,0.8,0.3,0.6,2.4,5.2
Dean Wade,28.0,CLE,PF,19.0,10.0,22.0,1.7,5.1,0.344,1.3,4.3,0.305,0.4,0.7,0.571,0.474,0.4,1.1,0.4,0.9,3.9,4.8,1.3,1.0,0.4,0.3,1.5,5.2
Kyle Anderson,31.0,GSW,PF,24.0,0.0,14.4,2.0,4.8,0.417,0.5,1.6,0.333,1.5,3.2,0.461,0.474,0.5,0.8,0.65,0.5,2.5,2.9,2.3,0.8,0.5,0.5,1.1,5.1
Cole Anthony,24.0,ORL,PG,26.0,0.0,11.0,1.8,4.7,0.38,0.7,2.1,0.315,1.1,2.6,0.433,0.45,0.9,1.2,0.719,0.3,1.7,2.0,2.0,0.4,0.2,1.2,1.3,5.1
Eric Gordon,36.0,PHI,SG,17.0,1.0,17.1,1.6,4.8,0.341,0.8,2.8,0.277,0.9,2.1,0.429,0.421,1.0,1.3,0.773,0.2,0.8,0.9,1.3,0.6,0.3,0.8,0.8,5.1
Kyle Lowry,38.0,PHI,PG,17.0,10.0,21.6,1.5,4.0,0.368,1.1,3.1,0.346,0.4,0.9,0.438,0.5,1.1,1.4,0.783,0.4,1.6,2.0,2.8,1.1,0.4,0.8,1.9,5.1
Cam Christie,19.0,LAC,SG,1.0,0.0,18.0,2.0,7.0,0.286,1.0,4.0,0.25,1.0,3.0,0.333,0.357,0.0,0.0,0.7765,1.0,2.0,3.0,0.0,2.0,0.0,1.0,0.0,5.0
Ricky Council IV,23.0,PHI,SF,19.0,0.0,12.1,1.6,4.1,0.39,0.4,1.6,0.233,1.2,2.5,0.489,0.435,1.5,1.8,0.824,0.5,1.4,1.9,0.8,0.3,0.2,0.3,0.7,5.0
Monte Morris,29.0,PHO,PG,21.0,0.0,12.3,1.8,4.0,0.435,0.7,2.0,0.341,1.1,2.1,0.523,0.518,0.9,1.1,0.783,0.3,1.1,1.4,1.6,0.4,0.1,0.5,0.6,5.0
Svi Mykhailiuk,27.0,UTA,SF,6.0,2.0,13.5,1.7,4.5,0.37,1.2,3.7,0.318,0.5,0.8,0.6,0.5,0.5,0.7,0.75,0.2,1.5,1.7,1.3,0.8,0.2,1.7,1.3,5.0
Julian Phillips,21.0,CHI,SF,27.0,2.0,14.3,1.8,4.0,0.44,0.8,2.5,0.328,1.0,1.6,0.619,0.541,0.6,1.0,0.654,0.8,1.3,2.1,0.4,0.7,0.3,0.4,1.5,5.0
Alondes Williams,25.0,DET,SG,1.0,0.0,4.0,2.0,2.0,1.0,1.0,1.0,1.0,1.0,1.0,1.0,1.25,0.0,0.0,0.7765,0.0,0.0,0.0,1.0,0.0,0.0,0.0,0.0,5.0
Pat Connaughton,32.0,MIL,SG,15.0,0.0,17.0,1.7,4.7,0.371,0.9,2.9,0.295,0.9,1.7,0.5,0.464,0.6,0.8,0.75,0.5,2.5,3.0,1.7,0.2,0.3,0.7,1.3,4.9
Marvin Bagley III,25.0,WAS,C,18.0,1.0,8.4,2.0,3.8,0.529,0.1,0.6,0.2,1.9,3.2,0.586,0.544,0.7,1.1,0.632,1.4,1.3,2.8,0.3,0.3,0.3,0.6,0.7,4.8
Seth Curry,34.0,CHO,SG,25.0,5.0,12.8,1.8,3.8,0.463,0.9,2.1,0.423,0.9,1.7,0.512,0.579,0.4,0.4,0.818,0.4,1.0,1.4,0.4,0.5,0.2,0.3,1.1,4.8
Tidjane Salaün,19.0,CHO,PF,23.0,8.0,18.9,1.6,5.0,0.322,1.0,3.3,0.286,0.7,1.7,0.395,0.417,0.7,1.0,0.682,0.9,3.1,4.0,1.0,0.5,0.2,0.8,1.3,4.8
Jamal Shead,22.0,TOR,PG,26.0,0.0,14.5,1.9,4.8,0.395,0.7,2.0,0.327,1.2,2.8,0.444,0.464,0.3,0.5,0.75,0.2,0.8,1.0,2.9,0.5,0.1,1.3,1.9,4.8
Taylor Hendricks,21.0,UTA,PF,3.0,3.0,25.0,1.3,6.0,0.222,1.0,4.0,0.25,0.3,2.0,0.167,0.306,1.0,1.3,0.75,1.7,3.3,5.0,0.7,1.7,1.3,0.7,2.7,4.7
Luke Kornet,29.0,BOS,C,21.0,3.0,16.5,1.7,2.7,0.643,0.0,0.0,0.333,1.7,2.7,0.643,0.643,1.3,1.6,0.794,1.9,2.6,4.5,1.5,0.5,1.0,0.4,1.2,4.7
Keaton Wallace,25.0,ATL,PG,12.0,1.0,16.2,1.8,4.6,0.4,0.7,2.2,0.308,1.2,2.4,0.483,0.473,0.3,0.3,1.0,0.2,1.3,1.5,1.8,0.8,0.5,1.0,1.1,4.7
Charles Bassey,24.0,SAS,C,18.0,0.0,10.8,2.0,3.6,0.563,0.0,0.0,0.333,2.0,3.6,0.563,0.563,0.6,1.2,0.524,1.6,2.5,4.1,0.5,0.3,1.2,0.7,1.3,4.6
Sandro Mamukelashvili,25.0,SAS,PF,19.0,0.0,9.6,1.6,2.9,0.545,0.9,2.0,0.447,0.7,0.9,0.765,0.7,0.6,0.8,0.733,0.6,2.3,2.9,0.4,0.2,0.3,0.5,0.6,4.6
Gary Payton II,32.0,GSW,SG,26.0,4.0,13.1,2.1,3.9,0.535,0.2,1.2,0.161,1.9,2.7,0.7,0.559,0.2,0.4,0.545,1.3,1.5,2.8,1.2,0.8,0.4,0.5,1.4,4.6
Mo Bamba,26.0,LAC,C,13.0,0.0,13.6,1.7,4.0,0.423,0.5,1.8,0.25,1.2,2.2,0.571,0.481,0.7,1.0,0.692,0.8,3.5,4.2,0.8,0.6,1.1,0.6,2.2,4.5
Drew Eubanks,27.0,UTA,C,21.0,0.0,13.5,1.8,3.2,0.567,0.0,0.1,0.333,1.8,3.0,0.578,0.575,0.8,1.3,0.63,1.1,2.9,4.0,1.2,0.2,0.7,0.8,1.2,4.5
Kris Murray,24.0,POR,SF,21.0,0.0,12.7,1.8,3.8,0.475,0.5,1.6,0.333,1.3,2.2,0.574,0.544,0.4,1.0,0.4,1.0,1.2,2.3,0.7,0.4,0.1,0.6,1.0,4.5
Antonio Reeves,24.0,NOP,SG,15.0,0.0,9.3,1.7,4.3,0.4,0.6,2.2,0.273,1.1,2.1,0.531,0.469,0.4,0.5,0.857,0.3,0.8,1.1,0.5,0.3,0.0,0.3,0.5,4.5
Aaron Holiday,28.0,HOU,PG,17.0,0.0,9.8,1.4,3.0,0.471,1.0,2.2,0.447,0.4,0.8,0.538,0.637,0.5,0.6,0.818,0.0,1.1,1.1,1.2,0.1,0.1,0.3,0.7,4.4
Jamal Cain,25.0,NOP,SF,16.0,0.0,14.1,1.6,3.4,0.455,0.6,1.8,0.321,1.0,1.7,0.593,0.536,0.6,1.0,0.625,0.9,1.9,2.8,0.6,0.5,0.4,0.4,1.3,4.3
Wendell Moore Jr.,23.0,DET,SG,12.0,0.0,14.3,1.6,3.0,0.528,0.3,0.8,0.333,1.3,2.3,0.593,0.569,0.9,1.0,0.917,0.8,2.3,3.1,1.2,0.7,0.3,0.7,1.1,4.3
Reggie Jackson,34.0,PHI,PG,11.0,0.0,11.3,1.5,3.7,0.415,1.1,2.5,0.444,0.5,1.3,0.357,0.561,0.0,0.0,0.7765,0.1,0.7,0.8,2.0,0.5,0.3,0.6,0.8,4.2
Dalen Terry,22.0,CHI,SG,25.0,0.0,13.5,1.5,3.0,0.5,0.4,1.1,0.37,1.1,1.9,0.574,0.568,0.9,1.1,0.786,0.6,0.8,1.4,0.9,0.6,0.3,0.8,1.4,4.2
Gabe Vincent,28.0,LAL,PG,27.0,4.0,19.1,1.6,4.4,0.364,0.9,2.7,0.315,0.7,1.7,0.444,0.462,0.1,0.3,0.5,0.4,0.9,1.3,0.9,0.9,0.2,0.6,2.0,4.2
Gary Harris,30.0,ORL,SG,17.0,2.0,16.6,1.4,3.5,0.4,1.0,2.7,0.37,0.4,0.8,0.5,0.542,0.2,0.4,0.667,0.5,0.8,1.4,0.4,0.5,0.3,0.4,0.8,4.1
Blake Wesley,21.0,SAS,SG,21.0,0.0,11.8,1.6,3.5,0.459,0.2,1.0,0.2,1.4,2.6,0.556,0.486,0.7,1.0,0.714,0.3,0.6,0.9,2.0,0.4,0.1,1.0,0.6,4.1
Thomas Bryant,27.0,2TM,C,12.0,0.0,10.9,1.3,2.8,0.455,0.6,1.5,0.389,0.7,1.3,0.533,0.561,0.9,0.9,1.0,0.7,2.5,3.2,0.4,0.1,0.8,0.2,0.8,4.0
Thomas Bryant,27.0,MIA,C,10.0,0.0,11.5,1.2,2.8,0.429,0.6,1.7,0.353,0.6,1.1,0.545,0.536,1.1,1.1,1.0,0.6,2.6,3.2,0.4,0.1,0.9,0.2,0.9,4.1
Thomas Bryant,27.0,IND,C,2.0,0.0,8.0,1.5,2.5,0.6,0.5,0.5,1.0,1.0,2.0,0.5,0.7,0.0,0.0,0.7765,1.0,2.0,3.0,0.5,0.0,0.5,0.0,0.5,3.5
Richaun Holmes,31.0,WAS,PF,3.0,0.0,6.7,1.7,3.3,0.5,0.0,0.3,0.0,1.7,3.0,0.556,0.5,0.7,0.7,1.0,0.7,1.0,1.7,0.0,0.0,0.7,0.7,0.3,4.0
Oso Ighodaro,22.0,PHO,PF,21.0,2.0,16.0,1.8,2.9,0.617,0.0,0.0,0.333,1.8,2.9,0.617,0.617,0.5,0.6,0.769,1.1,2.6,3.7,0.9,0.4,0.3,0.6,1.8,4.0
Isaac Jones,24.0,SAC,PF,17.0,0.0,9.0,1.8,2.7,0.652,0.1,0.2,0.25,1.7,2.5,0.69,0.663,0.4,0.9,0.467,0.5,1.1,1.6,0.1,0.1,0.5,0.5,1.3,4.0
Mason Plumlee,34.0,PHO,C,25.0,7.0,16.9,1.6,2.8,0.557,0.0,0.0,0.333,1.6,2.8,0.557,0.557,0.9,1.7,0.548,1.5,4.4,5.9,1.6,0.4,0.8,0.9,1.9,4.0
Josh Richardson,31.0,MIA,SG,8.0,0.0,18.8,1.4,4.8,0.289,0.8,2.8,0.273,0.6,2.0,0.313,0.368,0.5,0.5,1.0,0.8,0.8,1.5,1.5,1.0,0.1,1.0,2.1,4.0
Rob Dillingham,20.0,MIN,PG,14.0,0.0,9.0,1.6,3.6,0.451,0.6,1.5,0.429,1.0,2.1,0.467,0.539,0.0,0.0,0.7765,0.1,0.7,0.8,1.7,0.1,0.0,1.1,0.4,3.9
Luka Garza,26.0,MIN,C,9.0,0.0,5.1,1.6,2.8,0.56,0.2,0.9,0.25,1.3,1.9,0.706,0.6,0.6,0.9,0.625,0.4,0.8,1.2,0.1,0.1,0.0,0.3,0.4,3.9
Jett Howard,21.0,ORL,SF,27.0,0.0,10.4,1.4,3.7,0.37,0.9,2.9,0.312,0.5,0.9,0.565,0.49,0.2,0.3,0.857,0.4,0.7,1.1,0.4,0.2,0.2,0.3,0.9,3.9
Doug McDermott,33.0,SAC,SF,21.0,3.0,8.7,1.3,3.1,0.431,1.1,2.6,0.418,0.2,0.5,0.5,0.608,0.1,0.2,0.6,0.0,0.7,0.7,0.1,0.1,0.0,0.1,0.9,3.9
KJ Simpson,22.0,CHO,PG,9.0,0.0,13.3,1.3,4.4,0.3,0.3,2.2,0.15,1.0,2.2,0.45,0.338,0.9,1.1,0.8,1.0,0.7,1.7,2.0,0.6,0.2,1.0,1.4,3.9
Damion Lee,32.0,PHO,SG,4.0,0.0,9.3,1.0,3.5,0.286,0.3,2.3,0.111,0.8,1.3,0.6,0.321,1.5,1.5,1.0,0.0,1.3,1.3,1.3,0.5,0.0,0.8,0.3,3.8
Andre Jackson Jr.,23.0,MIL,SG,24.0,16.0,18.0,1.4,3.5,0.41,0.7,1.8,0.381,0.8,1.7,0.439,0.506,0.2,0.3,0.5,0.8,2.3,3.1,1.4,0.8,0.3,1.3,2.6,3.7
Tre Jones,25.0,SAS,PG,9.0,0.0,17.1,1.1,3.6,0.313,0.3,1.4,0.231,0.8,2.1,0.368,0.359,1.1,1.6,0.714,0.6,1.6,2.1,3.1,0.6,0.2,0.6,1.4,3.7
Jock Landale,29.0,HOU,C,15.0,0.0,10.5,1.4,3.1,0.447,0.2,0.4,0.5,1.2,2.7,0.439,0.479,0.7,1.3,0.526,1.3,1.8,3.1,0.9,0.2,0.4,0.5,0.9,3.7
Micah Potter,26.0,UTA,C,6.0,1.0,18.7,1.3,3.3,0.4,1.0,2.7,0.375,0.3,0.7,0.5,0.55,0.0,0.0,0.7765,1.8,4.3,6.2,0.8,0.2,0.5,0.8,1.2,3.7
Reed Sheppard,20.0,HOU,PG,25.0,0.0,11.9,1.4,4.1,0.353,0.7,2.3,0.298,0.8,1.8,0.422,0.436,0.2,0.2,1.0,0.3,0.8,1.1,1.2,0.5,0.4,0.6,1.0,3.7
Nicolas Batum,36.0,LAC,PF,28.0,1.0,18.3,1.2,3.3,0.374,1.0,2.6,0.37,0.3,0.6,0.389,0.522,0.3,0.4,0.7,0.7,2.0,2.7,1.5,0.5,0.4,0.5,1.4,3.6
Bruno Fernando,26.0,TOR,C,16.0,2.0,8.9,1.6,3.0,0.542,0.0,0.0,0.333,1.6,3.0,0.542,0.542,0.4,0.5,0.75,1.3,1.8,3.1,1.1,0.3,0.6,0.9,1.6,3.6
Patty Mills,36.0,UTA,PG,9.0,0.0,15.3,1.2,3.4,0.355,0.8,2.7,0.292,0.4,0.8,0.571,0.468,0.3,0.3,1.0,0.1,0.8,0.9,1.4,0.7,0.2,0.9,0.9,3.6
Cam Reddish,25.0,LAL,SF,20.0,8.0,19.4,1.3,2.7,0.472,0.5,1.5,0.345,0.8,1.2,0.625,0.566,0.6,0.9,0.706,0.5,1.5,2.0,0.8,1.1,0.3,0.5,1.8,3.6
Johnny Davis,22.0,WAS,SG,19.0,0.0,9.6,1.4,3.0,0.474,0.3,0.9,0.333,1.1,2.1,0.538,0.526,0.4,0.6,0.636,0.4,1.3,1.6,0.4,0.6,0.3,0.2,0.8,3.5
Ousmane Dieng,21.0,OKC,PF,16.0,0.0,11.6,1.3,3.7,0.339,0.6,2.3,0.25,0.7,1.4,0.478,0.415,0.4,0.7,0.636,0.6,2.1,2.6,0.8,0.7,0.3,0.3,1.1,3.5
Rayan Rupert,20.0,POR,SG,21.0,0.0,10.6,1.3,3.0,0.438,0.4,1.4,0.31,0.9,1.7,0.543,0.508,0.4,0.6,0.667,0.8,0.8,1.6,0.5,0.3,0.1,0.6,0.8,3.5
Daniel Theis,32.0,NOP,C,19.0,7.0,14.2,1.4,3.2,0.426,0.3,1.0,0.263,1.1,2.2,0.5,0.467,0.5,0.6,0.833,0.8,2.5,3.4,1.3,0.4,0.6,0.6,1.6,3.5
Dario Šarić,30.0,DEN,C,10.0,3.0,13.6,1.2,4.0,0.3,0.5,1.9,0.263,0.7,2.1,0.333,0.363,0.5,0.6,0.833,0.9,2.6,3.5,1.1,0.6,0.0,1.1,1.4,3.4
Bol Bol,25.0,PHO,PF,7.0,0.0,5.3,1.3,2.1,0.6,0.1,0.7,0.2,1.1,1.4,0.8,0.633,0.6,0.9,0.667,0.6,1.0,1.6,0.1,0.0,0.0,0.4,0.1,3.3
Jae Crowder,34.0,SAC,SF,6.0,2.0,14.8,1.0,2.8,0.353,0.5,2.0,0.25,0.5,0.8,0.6,0.441,0.8,1.0,0.833,1.0,1.8,2.8,0.7,0.5,0.0,0.7,1.7,3.3
Moussa Diabaté,23.0,CHO,C,25.0,4.0,19.0,1.5,2.6,0.594,0.0,0.0,0.333,1.5,2.6,0.594,0.594,0.2,0.7,0.353,3.5,3.9,7.4,0.7,0.7,0.9,0.9,1.9,3.3
Moses Brown,25.0,IND,C,9.0,0.0,5.1,1.4,2.2,0.65,0.0,0.0,0.333,1.4,2.2,0.65,0.65,0.3,0.6,0.6,0.4,1.0,1.4,0.0,0.2,0.1,0.7,0.7,3.2
Isaiah Collier,20.0,UTA,PG,18.0,1.0,16.8,1.3,4.1,0.311,0.2,1.6,0.138,1.1,2.5,0.422,0.338,0.4,1.0,0.444,0.1,1.6,1.7,3.2,0.9,0.2,2.2,1.7,3.2
Johnny Furphy,20.0,IND,SG,17.0,0.0,10.2,1.1,2.7,0.391,0.6,1.6,0.393,0.4,1.1,0.389,0.511,0.4,0.4,1.0,0.6,0.8,1.4,0.4,0.4,0.3,0.5,1.0,3.2
Josh Minott,22.0,MIN,SF,13.0,0.0,7.3,1.3,2.2,0.607,0.2,0.9,0.25,1.1,1.2,0.875,0.661,0.2,0.4,0.6,0.2,1.0,1.2,0.5,0.5,0.3,0.4,0.9,3.1
Nick Smith Jr.,20.0,CHO,SG,13.0,0.0,9.3,1.2,3.7,0.333,0.6,2.0,0.308,0.6,1.7,0.364,0.417,0.0,0.0,0.7765,0.1,0.8,0.8,0.8,0.3,0.1,0.2,0.6,3.1
Cody Williams,20.0,UTA,SG,16.0,7.0,18.7,1.1,4.2,0.269,0.4,2.3,0.189,0.7,1.9,0.367,0.321,0.4,0.6,0.6,0.5,1.8,2.3,1.2,0.4,0.3,0.7,1.3,3.1
David Duke Jr.,25.0,SAS,SG,1.0,0.0,8.0,1.0,4.0,0.25,0.0,1.0,0.0,1.0,3.0,0.333,0.25,1.0,2.0,0.5,0.0,0.0,0.0,2.0,0.0,0.0,0.0,1.0,3.0
Collin Gillespie,25.0,PHO,PG,1.0,0.0,3.0,1.0,2.0,0.5,1.0,1.0,1.0,0.0,1.0,0.0,0.75,0.0,0.0,0.7765,0.0,0.0,0.0,0.0,0.0,0.0,0.0,0.0,3.0
Taze Moore,26.0,POR,SG,2.0,0.0,10.0,1.0,5.0,0.2,0.5,2.0,0.25,0.5,3.0,0.167,0.25,0.5,1.0,0.5,2.0,2.0,4.0,0.5,1.0,0.0,1.0,0.0,3.0
Quincy Olivari,23.0,LAL,PG,1.0,0.0,8.0,1.0,3.0,0.333,1.0,3.0,0.333,0.0,0.0,0.528,0.5,0.0,0.0,0.7765,0.0,0.0,0.0,0.0,0.0,0.0,1.0,0.0,3.0
Oscar Tshiebwe,25.0,UTA,PF,1.0,0.0,16.0,0.0,0.0,0.4495,0.0,0.0,0.333,0.0,0.0,0.528,0.5285,3.0,4.0,0.75,3.0,6.0,9.0,0.0,2.0,0.0,1.0,3.0,3.0
Jabari Walker,22.0,POR,SF,21.0,1.0,11.1,1.2,3.0,0.391,0.1,0.9,0.158,1.0,2.1,0.489,0.414,0.5,0.6,0.846,0.9,2.2,3.1,0.6,0.4,0.1,0.6,1.3,3.0
Kobe Brown,25.0,LAC,PF,7.0,0.0,6.7,1.3,2.9,0.45,0.1,0.9,0.167,1.1,2.0,0.571,0.475,0.1,0.3,0.5,0.7,1.6,2.3,0.6,0.1,0.0,0.0,0.7,2.9
Drew Peterson,25.0,BOS,PF,7.0,0.0,11.6,0.7,2.1,0.333,0.6,1.9,0.308,0.1,0.3,0.5,0.467,0.9,1.0,0.857,0.6,1.7,2.3,0.6,0.3,0.3,0.4,1.0,2.9
Craig Porter Jr.,24.0,CLE,PG,16.0,0.0,9.4,1.1,1.9,0.581,0.3,0.7,0.455,0.8,1.3,0.65,0.661,0.2,0.3,0.6,0.1,0.8,0.9,1.4,0.3,0.4,0.6,0.4,2.8
Ryan Rollins,22.0,MIL,PG,11.0,1.0,6.5,0.9,2.3,0.4,0.5,1.1,0.5,0.4,1.2,0.308,0.52,0.5,0.5,0.833,0.3,0.7,1.0,0.8,0.6,0.4,0.6,0.9,2.8
Hunter Tyson,24.0,DEN,PF,17.0,0.0,9.2,0.9,1.9,0.469,0.4,1.1,0.316,0.5,0.8,0.692,0.563,0.7,0.8,0.923,0.5,1.4,1.8,0.5,0.2,0.2,0.5,1.1,2.8
Steven Adams,31.0,HOU,C,15.0,0.0,10.7,1.0,1.7,0.6,0.0,0.0,0.333,1.0,1.7,0.6,0.6,0.7,1.6,0.417,1.5,1.9,3.5,1.0,0.3,0.1,1.3,1.1,2.7
Tyler Kolek,23.0,NYK,PG,17.0,0.0,6.6,0.9,2.2,0.421,0.6,1.4,0.435,0.4,0.9,0.4,0.553,0.2,0.2,1.0,0.1,0.6,0.7,0.6,0.4,0.1,0.4,0.5,2.7
John Konchar,28.0,MEM,SG,14.0,0.0,12.1,0.9,1.9,0.5,0.6,1.6,0.409,0.3,0.3,1.0,0.673,0.2,0.3,0.75,0.9,1.9,2.8,1.0,0.6,0.4,0.5,0.9,2.7
Tristan Thompson,33.0,CLE,PF,10.0,0.0,7.6,1.3,2.4,0.542,0.0,0.1,0.0,1.3,2.3,0.565,0.542,0.1,1.0,0.1,0.5,1.9,2.4,0.4,0.0,0.4,0.5,0.9,2.7
TyTy Washington Jr.,23.0,PHO,PG,3.0,0.0,9.0,1.0,2.0,0.5,0.7,1.0,0.667,0.3,1.0,0.333,0.667,0.0,0.0,0.7765,0.0,0.3,0.3,1.3,0.7,0.0,0.3,0.0,2.7
Delon Wright,32.0,MIL,PG,18.0,2.0,15.9,0.9,2.9,0.321,0.5,1.8,0.281,0.4,1.2,0.381,0.406,0.3,0.6,0.5,0.6,1.2,1.8,1.6,0.7,0.3,0.4,0.6,2.7
Taj Gibson,39.0,CHO,C,14.0,8.0,10.8,1.1,2.4,0.471,0.1,0.1,0.5,1.1,2.3,0.469,0.485,0.3,0.4,0.667,1.5,1.7,3.2,0.5,0.4,0.2,0.6,1.3,2.6
DeAndre Jordan,36.0,DEN,C,13.0,0.0,10.2,1.2,2.0,0.577,0.0,0.0,0.333,1.2,2.0,0.577,0.577,0.2,0.6,0.25,1.1,2.8,3.9,1.0,0.3,0.4,0.8,1.2,2.5
E.J. Liddell,24.0,CHI,PF,6.0,0.0,5.2,0.8,1.3,0.625,0.5,1.0,0.5,0.3,0.3,1.0,0.813,0.3,0.3,1.0,0.2,0.7,0.8,0.5,0.2,0.2,0.3,1.3,2.5
Chris Duarte,27.0,CHI,SG,12.0,0.0,4.2,0.8,1.5,0.5,0.4,1.0,0.417,0.3,0.5,0.667,0.639,0.5,0.7,0.75,0.3,0.8,1.2,0.3,0.0,0.0,0.1,0.4,2.4
Anthony Gill,32.0,WAS,PF,20.0,0.0,7.5,0.9,1.7,0.5,0.2,0.6,0.333,0.7,1.1,0.591,0.559,0.5,0.9,0.556,0.3,1.0,1.3,0.3,0.3,0.1,0.3,0.6,2.4
Jeff Green,38.0,HOU,PF,7.0,0.0,5.7,1.0,1.9,0.538,0.4,1.1,0.375,0.6,0.7,0.8,0.654,0.0,0.0,0.7765,0.0,0.6,0.6,0.1,0.3,0.0,0.3,0.3,2.4
Trey Jemison,25.0,NOP,C,16.0,0.0,10.4,0.9,2.0,0.469,0.0,0.0,0.333,0.9,2.0,0.469,0.469,0.5,1.3,0.381,1.4,1.4,2.8,0.6,0.4,0.4,0.6,1.7,2.4
Dillon Jones,23.0,OKC,SF,21.0,0.0,8.4,0.9,2.6,0.345,0.3,1.6,0.212,0.6,1.0,0.545,0.409,0.2,0.4,0.625,0.8,1.2,2.0,0.7,0.2,0.0,0.4,0.9,2.4
Vit Krejci,24.0,ATL,PG,14.0,0.0,11.8,0.9,2.8,0.308,0.3,1.5,0.19,0.6,1.3,0.444,0.359,0.4,0.6,0.556,0.5,1.3,1.8,1.4,0.5,0.3,0.6,1.6,2.4
Kel'el Ware,20.0,MIA,C,10.0,0.0,6.9,1.0,2.5,0.4,0.2,0.7,0.286,0.8,1.8,0.444,0.44,0.2,0.2,1.0,0.2,1.4,1.6,0.1,0.3,0.5,0.4,0.6,2.4
Vlatko Čančar,27.0,DEN,PF,4.0,0.0,8.5,1.0,1.8,0.571,0.3,0.5,0.5,0.8,1.3,0.6,0.643,0.0,0.0,0.7765,0.8,1.3,2.0,0.0,0.0,0.3,0.5,1.0,2.3
Lester Quiñones,24.0,PHI,SG,4.0,0.0,4.3,1.0,2.0,0.5,0.0,0.8,0.0,1.0,1.3,0.8,0.5,0.3,0.3,1.0,0.8,0.3,1.0,0.3,0.0,0.0,1.0,0.0,2.3
Orlando Robinson,24.0,SAC,C,7.0,0.0,6.6,0.9,1.7,0.5,0.1,0.6,0.25,0.7,1.1,0.625,0.542,0.4,0.9,0.5,0.4,1.3,1.7,1.0,0.3,0.1,0.4,0.9,2.3
Jeenathan Williams,25.0,HOU,SG,3.0,0.0,3.3,1.0,1.3,0.75,0.3,0.7,0.5,0.7,0.7,1.0,0.875,0.0,0.0,0.7765,0.0,1.0,1.0,0.0,0.3,0.0,0.0,0.0,2.3
Jordan McLaughlin,28.0,SAC,PG,21.0,0.0,7.6,0.7,1.8,0.368,0.4,1.0,0.364,0.3,0.8,0.375,0.474,0.5,0.7,0.714,0.1,0.8,0.9,0.9,0.4,0.0,0.4,0.5,2.2
Jae'Sean Tate,29.0,HOU,SF,11.0,0.0,5.5,0.8,1.5,0.529,0.0,0.3,0.0,0.8,1.3,0.643,0.529,0.5,0.8,0.667,0.4,1.6,2.0,0.6,0.5,0.0,0.5,1.0,2.2
Patrick Baldwin Jr.,22.0,WAS,SF,12.0,0.0,4.8,0.8,1.6,0.474,0.4,0.9,0.455,0.3,0.7,0.5,0.605,0.2,0.3,0.5,0.3,0.8,1.0,0.1,0.2,0.2,0.2,0.3,2.1
Kai Jones,24.0,LAC,C,19.0,0.0,8.0,0.8,1.1,0.75,0.0,0.0,0.333,0.8,1.1,0.75,0.75,0.5,0.6,0.75,0.6,1.2,1.8,0.4,0.3,0.5,0.4,1.0,2.1
Duop Reath,28.0,POR,C,13.0,0.0,6.4,0.8,2.0,0.385,0.5,1.5,0.368,0.2,0.5,0.429,0.519,0.0,0.0,0.7765,0.5,0.5,1.0,0.2,0.0,0.2,0.1,0.8,2.1
Jaylon Tyson,22.0,CLE,SG,14.0,1.0,7.7,0.9,1.9,0.444,0.2,0.8,0.273,0.6,1.1,0.563,0.5,0.2,0.4,0.5,0.7,1.0,1.7,0.8,0.3,0.0,0.4,1.3,2.1
Ulrich Chomche,19.0,TOR,PF,1.0,0.0,5.0,1.0,1.0,1.0,0.0,0.0,0.333,1.0,1.0,1.0,1.0,0.0,0.0,0.7765,0.0,1.0,1.0,0.0,0.0,0.0,0.0,0.0,2.0
Jeff Dowtin,27.0,PHI,PG,8.0,0.0,10.0,0.8,2.4,0.316,0.1,1.0,0.125,0.6,1.4,0.455,0.342,0.4,0.5,0.75,0.3,0.8,1.0,1.1,0.4,0.0,0.1,0.6,2.0
Justin Edwards,21.0,PHI,SF,2.0,0.0,4.5,1.0,1.5,0.667,0.0,0.5,0.0,1.0,1.0,1.0,0.667,0.0,0.5,0.0,0.0,1.0,1.0,0.5,0.0,0.0,0.0,0.0,2.0
Jalen Hood-Schifino,21.0,LAL,SG,2.0,0.0,7.0,0.5,0.5,1.0,0.0,0.0,0.333,0.5,0.5,1.0,1.0,1.0,1.0,1.0,0.5,0.0,0.5,0.5,0.0,0.5,0.5,1.5,2.0
Bryce McGowens,22.0,POR,SG,1.0,0.0,3.0,1.0,2.0,0.5,0.0,1.0,0.0,1.0,1.0,1.0,0.5,0.0,0.0,0.7765,0.0,0.0,0.0,1.0,0.0,0.0,0.0,0.0,2.0
Alex Reese,25.0,OKC,PF,1.0,0.0,2.0,1.0,1.0,1.0,0.0,0.0,0.333,1.0,1.0,1.0,1.0,0.0,0.0,0.7765,1.0,0.0,1.0,0.0,0.0,0.0,0.0,0.0,2.0
Adama Sanogo,22.0,CHI,C,4.0,0.0,5.3,1.0,1.8,0.571,0.0,0.0,0.333,1.0,1.8,0.571,0.571,0.0,0.0,0.7765,1.3,0.3,1.5,0.3,0.0,0.0,0.3,0.3,2.0
Tyler Smith,20.0,MIL,PF,10.0,0.0,3.4,0.8,1.3,0.615,0.3,0.8,0.375,0.5,0.5,1.0,0.731,0.1,0.2,0.5,0.1,0.7,0.8,0.1,0.0,0.3,0.3,0.4,2.0
Olivier-Maxence Prosper,22.0,DAL,PF,17.0,0.0,7.1,0.7,2.0,0.353,0.2,0.7,0.333,0.5,1.3,0.364,0.412,0.3,0.5,0.556,0.6,1.1,1.7,0.4,0.2,0.1,0.1,0.4,1.9
Jericho Sims,26.0,NYK,C,25.0,2.0,12.7,0.9,1.3,0.667,0.0,0.0,0.333,0.9,1.3,0.667,0.667,0.2,0.3,0.571,1.3,2.4,3.7,0.6,0.2,0.4,0.6,1.4,1.9
Ariel Hukporti,22.0,NYK,C,12.0,0.0,8.3,0.8,1.2,0.643,0.0,0.0,0.333,0.8,1.2,0.643,0.643,0.3,0.7,0.5,0.3,1.5,1.8,0.5,0.0,0.7,0.8,1.2,1.8
Christian Koloko,24.0,LAL,C,17.0,0.0,9.8,0.8,1.4,0.583,0.0,0.1,0.0,0.8,1.3,0.636,0.583,0.2,0.2,0.75,0.8,1.5,2.2,0.2,0.3,0.4,0.3,1.3,1.8
Matt Ryan,27.0,NYK,SF,9.0,0.0,5.0,0.7,2.3,0.286,0.3,1.6,0.214,0.3,0.8,0.429,0.357,0.0,0.0,0.7765,0.0,0.2,0.2,0.0,0.1,0.0,0.3,0.0,1.7
MarJon Beauchamp,24.0,MIL,SF,11.0,0.0,3.2,0.5,1.5,0.375,0.2,0.7,0.25,0.4,0.7,0.5,0.438,0.4,0.4,1.0,0.2,0.6,0.8,0.1,0.1,0.0,0.6,0.3,1.6
Jevon Carter,29.0,CHI,PG,11.0,0.0,4.8,0.6,2.1,0.304,0.4,1.5,0.25,0.3,0.6,0.429,0.391,0.0,0.0,0.7765,0.1,0.6,0.7,0.5,0.3,0.0,0.4,0.1,1.6
Pacome Dadiet,19.0,NYK,SG,12.0,0.0,6.8,0.5,1.7,0.3,0.4,1.2,0.357,0.1,0.5,0.167,0.425,0.2,0.2,1.0,0.0,1.1,1.1,0.4,0.1,0.2,0.1,0.4,1.6
Jazian Gortman,21.0,DAL,PG,8.0,0.0,3.1,0.6,1.4,0.455,0.3,0.5,0.5,0.4,0.9,0.429,0.545,0.1,0.3,0.5,0.1,0.1,0.3,0.3,0.0,0.1,0.3,0.4,1.6
Maxi Kleber,33.0,DAL,PF,15.0,2.0,16.7,0.6,1.8,0.333,0.1,0.6,0.222,0.5,1.2,0.389,0.37,0.3,0.4,0.667,0.5,2.5,2.9,0.5,0.1,0.5,0.7,1.9,1.6
Jalen Pickett,25.0,DEN,SG,5.0,0.0,8.2,0.6,1.0,0.6,0.4,0.8,0.5,0.2,0.2,1.0,0.8,0.0,0.0,0.7765,0.2,0.8,1.0,1.6,0.2,0.0,0.4,1.2,1.6
Dwight Powell,33.0,DAL,C,21.0,0.0,7.5,0.4,0.5,0.8,0.0,0.0,0.333,0.4,0.5,0.8,0.8,0.8,1.1,0.708,0.6,1.0,1.6,0.6,0.3,0.4,0.2,1.2,1.6
Pat Spencer,28.0,GSW,PG,9.0,0.0,5.0,0.7,1.8,0.375,0.0,0.3,0.0,0.7,1.4,0.462,0.375,0.2,0.2,1.0,0.4,0.3,0.8,1.3,0.6,0.0,0.4,0.4,1.6
Adem Bona,21.0,PHI,C,14.0,0.0,6.4,0.6,0.9,0.615,0.0,0.0,0.333,0.6,0.9,0.615,0.615,0.4,0.4,0.833,0.6,1.1,1.7,0.0,0.0,0.4,0.4,1.1,1.5
Enrique Freeman,24.0,IND,PF,16.0,1.0,7.1,0.6,1.2,0.474,0.1,0.3,0.2,0.5,0.9,0.571,0.5,0.3,0.6,0.556,0.2,0.6,0.8,0.4,0.1,0.1,0.3,0.9,1.5
Jaylen Martin,21.0,BRK,SF,2.0,0.0,1.5,0.5,0.5,1.0,0.5,0.5,1.0,0.0,0.0,0.528,1.5,0.0,0.0,0.7765,0.0,0.0,0.0,0.0,0.0,0.0,0.0,0.5,1.5
Armel Traoré,22.0,LAL,SF,8.0,0.0,7.6,0.6,2.3,0.278,0.0,0.9,0.0,0.6,1.4,0.455,0.278,0.3,0.9,0.286,0.1,1.6,1.8,0.1,0.5,0.3,0.3,0.8,1.5
Adam Flagler,25.0,OKC,SG,11.0,0.0,3.6,0.5,1.8,0.25,0.5,1.7,0.263,0.0,0.1,0.0,0.375,0.0,0.0,0.7765,0.2,0.4,0.5,0.0,0.2,0.0,0.0,0.4,1.4
AJ Johnson,20.0,MIL,SG,5.0,0.0,2.2,0.6,1.2,0.5,0.2,0.2,1.0,0.4,1.0,0.4,0.583,0.0,0.0,0.7765,0.0,0.4,0.4,0.2,0.0,0.0,0.4,0.0,1.4
Alex Len,31.0,SAC,C,21.0,2.0,6.8,0.6,1.1,0.542,0.0,0.2,0.0,0.6,1.0,0.65,0.542,0.1,0.3,0.429,0.5,1.2,1.7,0.8,0.1,0.6,0.3,0.8,1.4
Terrence Shannon Jr.,24.0,MIN,SG,9.0,0.0,4.9,0.7,1.3,0.5,0.1,0.3,0.333,0.6,1.0,0.556,0.542,0.0,0.0,0.7765,0.0,0.2,0.2,0.6,0.2,0.1,0.3,0.1,1.4
Colin Castleton,24.0,MEM,C,8.0,0.0,2.8,0.1,0.5,0.25,0.0,0.3,0.0,0.1,0.3,0.5,0.25,1.0,1.0,1.0,0.3,0.6,0.9,0.0,0.0,0.1,0.0,0.4,1.3
Caleb Houstan,22.0,ORL,SF,18.0,0.0,5.5,0.4,1.4,0.308,0.3,1.2,0.273,0.1,0.2,0.5,0.423,0.1,0.1,1.0,0.1,0.4,0.5,0.1,0.0,0.1,0.1,0.3,1.3
James Johnson,37.0,IND,PF,3.0,0.0,3.3,0.7,1.3,0.5,0.0,0.3,0.0,0.7,1.0,0.667,0.5,0.0,0.0,0.7765,0.0,0.7,0.7,0.7,0.0,0.3,1.0,0.0,1.3
Jack McVeigh,28.0,HOU,PF,6.0,0.0,3.5,0.5,1.8,0.273,0.3,1.3,0.25,0.2,0.5,0.333,0.364,0.0,0.0,0.7765,0.2,0.5,0.7,0.2,0.0,0.2,0.2,0.2,1.3
Markieff Morris,35.0,DAL,PF,4.0,0.0,5.3,0.5,2.3,0.222,0.3,0.8,0.333,0.3,1.5,0.167,0.278,0.0,0.0,0.7765,0.0,1.3,1.3,0.5,0.0,0.3,0.5,0.0,1.3
Zeke Nnaji,24.0,DEN,PF,16.0,0.0,4.9,0.6,1.4,0.435,0.0,0.5,0.0,0.6,0.9,0.667,0.435,0.1,0.3,0.2,0.1,0.3,0.4,0.3,0.1,0.1,0.1,0.4,1.3
Luke Travers,23.0,CLE,SG,6.0,0.0,7.0,0.5,1.2,0.429,0.0,0.5,0.0,0.5,0.7,0.75,0.429,0.3,0.3,1.0,0.2,0.8,1.0,0.8,0.2,0.2,0.3,0.5,1.3
JD Davison,22.0,BOS,PG,5.0,0.0,4.8,0.4,1.0,0.4,0.2,0.6,0.333,0.2,0.4,0.5,0.5,0.2,0.4,0.5,0.0,0.4,0.4,0.2,0.2,0.0,1.2,0.2,1.2
Jordan Walsh,20.0,BOS,PF,19.0,1.0,8.3,0.5,1.6,0.29,0.3,1.3,0.208,0.2,0.4,0.571,0.371,0.0,0.1,0.0,0.4,0.7,1.1,0.2,0.3,0.3,0.2,0.6,1.2
Brandon Williams,25.0,DAL,PG,5.0,0.0,4.2,0.4,1.8,0.222,0.0,0.4,0.0,0.4,1.4,0.286,0.222,0.4,0.6,0.667,0.2,0.6,0.8,0.4,0.0,0.0,0.4,0.4,1.2
Colby Jones,22.0,SAC,SG,18.0,0.0,5.7,0.4,1.2,0.364,0.2,0.5,0.444,0.2,0.7,0.308,0.455,0.0,0.0,0.7765,0.3,0.7,1.0,0.2,0.3,0.3,0.3,0.6,1.1
Cory Joseph,33.0,ORL,PG,15.0,0.0,4.2,0.4,1.2,0.333,0.3,0.9,0.357,0.1,0.3,0.25,0.472,0.0,0.0,0.7765,0.2,0.5,0.7,0.7,0.2,0.1,0.2,0.3,1.1
Xavier Tillman Sr.,26.0,BOS,C,17.0,1.0,8.6,0.4,1.7,0.241,0.2,0.9,0.188,0.2,0.8,0.308,0.293,0.1,0.1,0.5,0.4,1.5,1.9,0.4,0.3,0.2,0.4,0.8,1.1
Trey Alexander,21.0,DEN,SG,9.0,0.0,4.9,0.3,1.3,0.25,0.1,0.7,0.167,0.2,0.7,0.333,0.292,0.2,0.2,1.0,0.0,0.1,0.1,0.2,0.0,0.1,0.1,0.3,1.0
Sidy Cissoko,20.0,SAS,SF,11.0,0.0,3.0,0.4,0.8,0.444,0.3,0.4,0.75,0.1,0.5,0.2,0.611,0.0,0.4,0.0,0.2,0.5,0.7,0.5,0.0,0.0,0.1,0.4,1.0
Mouhamed Gueye,22.0,ATL,PF,2.0,0.0,5.5,0.5,2.0,0.25,0.0,1.0,0.0,0.5,1.0,0.5,0.25,0.0,0.0,0.7765,0.0,1.0,1.0,0.0,0.0,0.0,0.5,0.0,1.0
Keshad Johnson,23.0,MIA,SF,2.0,0.0,6.0,0.5,1.0,0.5,0.0,0.5,0.0,0.5,0.5,1.0,0.5,0.0,0.0,0.7765,0.0,1.0,1.0,0.0,0.0,0.0,0.0,0.0,1.0
Yuki Kawamura,23.0,MEM,PG,14.0,0.0,2.9,0.3,1.1,0.267,0.1,0.8,0.182,0.1,0.3,0.5,0.333,0.3,0.4,0.667,0.0,0.1,0.1,0.6,0.1,0.0,0.3,0.3,1.0
Trevelin Queen,27.0,ORL,SG,3.0,0.0,2.3,0.3,1.0,0.333,0.3,0.3,1.0,0.0,0.7,0.0,0.5,0.0,0.0,0.7765,0.0,0.0,0.0,0.0,0.0,0.0,0.3,0.7,1.0
Jared Rhoden,25.0,CHO,SG,4.0,0.0,3.0,0.5,2.0,0.25,0.0,0.5,0.0,0.5,1.5,0.333,0.25,0.0,0.0,0.7765,0.5,0.5,1.0,0.5,0.3,0.0,0.3,0.3,1.0
Liam Robbins,25.0,MIL,C,5.0,0.0,4.0,0.4,0.6,0.667,0.0,0.2,0.0,0.4,0.4,1.0,0.667,0.2,0.8,0.25,0.4,0.2,0.6,0.0,0.0,0.0,0.0,0.6,1.0
PJ Dozier,28.0,MIN,SG,8.0,0.0,4.1,0.3,0.4,0.667,0.3,0.4,0.667,0.0,0.0,0.528,1.0,0.1,0.8,0.167,0.1,0.5,0.6,0.6,0.1,0.0,0.1,0.4,0.9
Gui Santos,22.0,GSW,PF,7.0,0.0,4.3,0.3,0.7,0.4,0.1,0.4,0.333,0.1,0.3,0.5,0.5,0.1,0.3,0.5,0.3,0.7,1.0,0.3,0.0,0.1,0.3,0.6,0.9
Branden Carlson,25.0,OKC,C,5.0,0.0,3.6,0.2,1.4,0.143,0.0,1.0,0.0,0.2,0.4,0.5,0.143,0.4,0.4,1.0,0.6,1.0,1.6,0.4,0.2,0.2,0.0,0.2,0.8
D.J. Carton,24.0,TOR,SG,4.0,0.0,8.3,0.3,1.8,0.143,0.0,0.8,0.0,0.3,1.0,0.25,0.143,0.3,0.3,1.0,0.0,1.0,1.0,0.8,0.5,0.0,1.0,0.3,0.8
PJ Hall,22.0,DEN,C,5.0,0.0,2.2,0.4,1.0,0.4,0.0,0.4,0.0,0.4,0.6,0.667,0.4,0.0,0.0,0.7765,0.0,0.2,0.2,0.0,0.0,0.0,0.0,0.2,0.8
Karlo Matković,23.0,NOP,PF,5.0,0.0,7.8,0.4,1.0,0.4,0.0,0.0,0.333,0.4,1.0,0.4,0.4,0.0,0.0,0.7765,1.2,0.8,2.0,0.0,0.6,0.6,0.8,0.8,0.8
Baylor Scheierman,24.0,BOS,SG,5.0,0.0,6.8,0.2,2.0,0.1,0.0,1.2,0.0,0.2,0.8,0.25,0.1,0.4,0.4,1.0,0.4,1.0,1.4,0.4,0.2,0.0,0.0,0.6,0.8
Jaden Springer,22.0,BOS,SG,9.0,0.0,4.3,0.2,1.1,0.2,0.0,0.3,0.0,0.2,0.8,0.286,0.2,0.3,0.7,0.5,0.4,0.8,1.2,0.3,0.3,0.0,0.1,0.4,0.8
Reece Beekman,23.0,2TM,PG,3.0,0.0,2.7,0.3,0.3,1.0,0.0,0.0,0.333,0.3,0.3,1.0,1.0,0.0,0.0,0.7765,0.3,0.0,0.3,0.3,0.3,0.0,0.3,0.3,0.7
Reece Beekman,23.0,GSW,PG,2.0,0.0,2.0,0.5,0.5,1.0,0.0,0.0,0.333,0.5,0.5,1.0,1.0,0.0,0.0,0.7765,0.5,0.0,0.5,0.5,0.5,0.0,0.0,0.5,1.0
Reece Beekman,23.0,BRK,PG,1.0,0.0,4.0,0.0,0.0,0.4495,0.0,0.0,0.333,0.0,0.0,0.528,0.5285,0.0,0.0,0.7765,0.0,0.0,0.0,0.0,0.0,0.0,1.0,0.0,0.0
Chris Livingston,21.0,MIL,SF,3.0,0.0,2.0,0.3,0.7,0.5,0.0,0.0,0.333,0.3,0.7,0.5,0.5,0.0,0.0,0.7765,0.3,0.3,0.7,0.3,0.3,0.0,0.3,0.0,0.7
Cui Yongxi,21.0,BRK,SG,5.0,0.0,2.0,0.2,1.4,0.143,0.0,0.6,0.0,0.2,0.8,0.25,0.143,0.2,0.4,0.5,0.0,0.4,0.4,0.0,0.0,0.0,0.0,0.0,0.6
Bronny James,20.0,LAL,SG,7.0,0.0,2.6,0.1,1.1,0.125,0.0,0.6,0.0,0.1,0.6,0.25,0.125,0.3,0.3,1.0,0.1,0.0,0.1,0.3,0.1,0.1,0.0,0.3,0.6
Maxwell Lewis,22.0,LAL,SF,7.0,0.0,4.1,0.3,0.9,0.333,0.0,0.0,0.333,0.3,0.9,0.333,0.333,0.0,0.0,0.7765,0.3,0.0,0.3,0.3,0.1,0.0,0.3,0.1,0.6
Tristen Newton,23.0,IND,SG,5.0,0.0,1.6,0.2,1.2,0.167,0.0,0.6,0.0,0.2,0.6,0.333,0.167,0.2,0.2,1.0,0.0,0.0,0.0,0.2,0.0,0.0,0.2,0.4,0.6
Garrett Temple,38.0,TOR,SG,9.0,0.0,3.9,0.2,0.8,0.286,0.1,0.3,0.333,0.1,0.4,0.25,0.357,0.0,0.0,0.7765,0.1,0.3,0.4,0.6,0.4,0.1,0.2,0.7,0.6
Dominick Barlow,21.0,ATL,SF,2.0,0.0,5.5,0.0,0.5,0.0,0.0,0.0,0.333,0.0,0.5,0.0,0.0,0.5,1.0,0.5,0.0,0.0,0.0,0.0,0.0,0.0,0.0,0.5,0.5
Jalen Bridges,23.0,PHO,SF,2.0,0.0,5.5,0.0,1.0,0.0,0.0,1.0,0.0,0.0,0.0,0.528,0.0,0.5,1.0,0.5,0.0,0.5,0.5,0.0,0.0,0.0,1.0,0.0,0.5
Stanley Umude,25.0,MIL,SG,6.0,0.0,2.8,0.2,0.5,0.333,0.2,0.5,0.333,0.0,0.0,0.528,0.5,0.0,0.3,0.0,0.0,0.5,0.5,0.2,0.0,0.2,0.0,0.0,0.5
Malevy Leons,25.0,OKC,SF,6.0,0.0,3.5,0.0,0.3,0.0,0.0,0.2,0.0,0.0,0.2,0.0,0.0,0.3,0.7,0.5,0.2,0.3,0.5,0.2,0.0,0.0,0.2,0.7,0.3
Daishen Nix,22.0,MIN,PG,3.0,0.0,4.3,0.0,0.3,0.0,0.0,0.3,0.0,0.0,0.0,0.528,0.0,0.3,0.7,0.5,0.0,1.3,1.3,1.0,0.0,0.0,1.3,0.3,0.3
Jacob Toppin,24.0,NYK,SF,7.0,0.0,3.0,0.1,0.4,0.333,0.0,0.3,0.0,0.1,0.1,1.0,0.333,0.0,0.0,0.7765,0.0,0.4,0.4,0.3,0.0,0.0,0.1,0.0,0.3
Isaiah Crawford,23.0,SAC,SF,1.0,0.0,5.0,0.0,0.0,0.4495,0.0,0.0,0.333,0.0,0.0,0.528,0.5285,0.0,0.0,0.7765,0.0,1.0,1.0,0.0,0.0,0.0,0.0,1.0,0.0
Alex Ducas,24.0,OKC,SG,4.0,0.0,1.8,0.0,0.8,0.0,0.0,0.5,0.0,0.0,0.3,0.0,0.0,0.0,0.0,0.7765,0.0,0.0,0.0,0.0,0.0,0.0,0.0,0.0,0.0
Kessler Edwards,24.0,DAL,SF,7.0,0.0,1.9,0.0,0.4,0.0,0.0,0.4,0.0,0.0,0.0,0.528,0.0,0.0,0.0,0.7765,0.0,0.1,0.1,0.0,0.0,0.0,0.1,0.3,0.0
Joe Ingles,37.0,MIN,SF,7.0,0.0,3.7,0.0,0.3,0.0,0.0,0.3,0.0,0.0,0.0,0.528,0.0,0.0,0.0,0.7765,0.3,0.0,0.3,1.3,0.0,0.0,0.1,0.7,0.0
Harrison Ingram,22.0,SAS,SF,1.0,0.0,7.0,0.0,1.0,0.0,0.0,0.0,0.333,0.0,1.0,0.0,0.0,0.0,0.0,0.7765,0.0,1.0,1.0,0.0,0.0,0.0,0.0,1.0,0.0
Daniss Jenkins,23.0,DET,PG,2.0,0.0,2.5,0.0,1.0,0.0,0.0,1.0,0.0,0.0,0.0,0.528,0.0,0.0,0.0,0.7765,0.0,0.0,0.0,0.0,0.0,0.0,0.0,0.5,0.0
Mason Jones,26.0,SAC,SG,3.0,0.0,4.3,0.0,0.7,0.0,0.0,0.7,0.0,0.0,0.0,0.528,0.0,0.0,0.0,0.7765,0.3,1.0,1.3,2.3,0.0,0.0,0.0,0.3,0.0
Spencer Jones,23.0,DEN,SF,2.0,0.0,2.0,0.0,0.5,0.0,0.0,0.5,0.0,0.0,0.0,0.528,0.0,0.0,0.0,0.7765,0.0,0.5,0.5,0.0,1.0,0.0,0.0,0.0,0.0
Mac McClung,26.0,ORL,SG,1.0,0.0,5.0,0.0,0.0,0.4495,0.0,0.0,0.333,0.0,0.0,0.528,0.5285,0.0,0.0,0.7765,0.0,1.0,1.0,2.0,0.0,0.0,0.0,0.0,0.0
Justin Minaya,25.0,POR,SF,1.0,0.0,6.0,0.0,0.0,0.4495,0.0,0.0,0.333,0.0,0.0,0.528,0.5285,0.0,0.0,0.7765,0.0,1.0,1.0,0.0,0.0,0.0,0.0,1.0,0.0
Riley Minix,24.0,SAS,SF,1.0,0.0,7.0,0.0,1.0,0.0,0.0,1.0,0.0,0.0,0.0,0.528,0.0,0.0,0.0,0.7765,0.0,2.0,2.0,0.0,0.0,0.0,0.0,0.0,0.0
Cole Swider,25.0,DET,SF,2.0,0.0,6.5,0.0,2.5,0.0,0.0,2.5,0.0,0.0,0.0,0.528,0.0,0.0,0.0,0.7765,0.0,1.0,1.0,0.5,0.0,0.0,0.0,0.5,0.0
League Average,25.0,Unknown,Unknown,,,,,,0.464,,,0.36,,,0.541,0.54,,,0.777,,,,,,,,,
